Workbook

Sheet Monthwise
K2: Scripting | O2: ER | R2: Production
A4: Week - Month | B4: PPV - Show_id | C4: Production Show_id | D4: Show_name | E4: Production status | F4: Writer | G4: POD lead | H4: Producer | I4: Till Date Scripts | J4: Total Duration Live | K4: Week's Target | L4: =CONCATENATE("Scripts Submitted as on ", TEXT(TODAY()-1,"dd-mmm-yyyy")) -> Scripts Submitted as on 14-May-2026 | M4: =CONCATENATE("Scripts Submitted WC as on ", TEXT(TODAY()-1,"dd-mmm-yyyy")) -> Scripts Submitted WC as on 14-May-2026 | N4: Missed By | O4: Week's Target | P4: ER Approved Scripts | Q4: Approval Pending | R4: Week's Target | S4: Live Episodes | T4: Missed By | V4: Week's Start Date
A5: W1 - May'26 | B5: dbbc7f35e9eb33b7562f0fd82896e827101bf13c | C5: b9727274f880f47671ad54caad4904a491fad9c7 | D5: Brahmand Ka Rakshak | E5: Running | F5: Trupti | G5: Vijay | I5: =IFERROR(VLOOKUP($C5,'Show Details'!A:Z,7,0),"") | K5: 18 | L5: =SUMIFS(Dump!$D:$D,Dump!$B:$B,$C5,Dump!$A:$A,$V5) -> 18 | M5: =SUMIFS(Dump!R:R,Dump!B:B,C5,Dump!A:A,V5) -> 41129 | N5: =K5-L5 -> 0 | P5: =SUMIFS(Dump!E:E,Dump!B:B,C5,Dump!A:A,V5) -> 28 | Q5: =O5-P5 -> -28 | S5: =SUMIFS(Dump!P:P,Dump!B:B,C5,Dump!A:A,V5) -> 36 | T5: =R5-S5 -> -36 | V5: 46146
A6: W1 - May'26 | B6: f43f4253dc3c596ff8f2e3cc9f3b677981a70310 | C6: 5baf4c80faf4b2d4eb9401a1d0081872e0158e89 | D6: Brahmyodha the Destroyer | E6: Running | F6: Deepaa | G6: Shivani | I6: =IFERROR(VLOOKUP($C6,'Show Details'!A:Z,7,0),"") | K6: 15 | L6: =SUMIFS(Dump!$D:$D,Dump!$B:$B,$C6,Dump!$A:$A,$V6) -> 15 | M6: =SUMIFS(Dump!R:R,Dump!B:B,C6,Dump!A:A,V6) -> 35976 | N6: =K6-L6 -> 0 | P6: =SUMIFS(Dump!E:E,Dump!B:B,C6,Dump!A:A,V6) -> 20 | Q6: =O6-P6 -> -20 | S6: =SUMIFS(Dump!P:P,Dump!B:B,C6,Dump!A:A,V6) -> 24 | T6: =R6-S6 -> -24 | V6: 46146
A7: W1 - May'26 | B7: 859785ba4869b28dddcfcb0e75295d1e1ad9b5a9 | C7: 96f1f89e4494e06fb7f9e3c4645563fa62ef9320 | D7: King of Dragon | E7: Running | F7: Deepaa | G7: Amit Rajak | I7: =IFERROR(VLOOKUP($C7,'Show Details'!A:Z,7,0),"") | K7: 12 | L7: =SUMIFS(Dump!$D:$D,Dump!$B:$B,$C7,Dump!$A:$A,$V7) -> 12 | M7: =SUMIFS(Dump!R:R,Dump!B:B,C7,Dump!A:A,V7) -> 28878 | N7: =K7-L7 -> 0 | P7: =SUMIFS(Dump!E:E,Dump!B:B,C7,Dump!A:A,V7) -> 13 | Q7: =O7-P7 -> -13 | S7: =SUMIFS(Dump!P:P,Dump!B:B,C7,Dump!A:A,V7) -> 17 | T7: =R7-S7 -> -17 | V7: 46146
A8: W1 - May'26 | B8: 641b6f77fd211e92df35a3bcbab67e6879e19a66 | C8: 773d29931b435627d0ca406e1ea1425e9a1dbcb6 | D8: Mahagatha | F8: Shivam | G8: NItesh | I8: =IFERROR(VLOOKUP($C8,'Show Details'!A:Z,7,0),"") | K8: 20 | L8: =SUMIFS(Dump!$D:$D,Dump!$B:$B,$C8,Dump!$A:$A,$V8) -> 18 | M8: =SUMIFS(Dump!R:R,Dump!B:B,C8,Dump!A:A,V8) -> 45583 | N8: =K8-L8 -> 2 | P8: =SUMIFS(Dump!E:E,Dump!B:B,C8,Dump!A:A,V8) -> 22 | Q8: =O8-P8 -> -22 | S8: =SUMIFS(Dump!P:P,Dump!B:B,C8,Dump!A:A,V8) -> 15 | T8: =R8-S8 -> -15 | V8: 46146
A9: W1 - May'26 | B9: e493cee863483a057af12de782cd20043a19ed05 | C9: 4c7fcc2bad9d3ae4744be2bd73cd8a625a0277d5 | D9: Malang | E9: Paused | F9: Trupti | G9: Mauli | I9: =IFERROR(VLOOKUP($C9,'Show Details'!A:Z,7,0),"") | L9: =SUMIFS(Dump!$D:$D,Dump!$B:$B,$C9,Dump!$A:$A,$V9) -> 0 | M9: =SUMIFS(Dump!R:R,Dump!B:B,C9,Dump!A:A,V9) -> 0 | N9: =K9-L9 -> 0 | P9: =SUMIFS(Dump!E:E,Dump!B:B,C9,Dump!A:A,V9) -> 0 | Q9: =O9-P9 -> 0 | S9: =SUMIFS(Dump!P:P,Dump!B:B,C9,Dump!A:A,V9) -> 0 | T9: =R9-S9 -> 0 | V9: 46146
A10: W1 - May'26 | B10: 81de0bc81be63a15ef7b7f2a301e23b4f3d49745 | D10: Married to a Hard Hearted | F10: Trupti | G10: Monika UGC | I10: =IFERROR(VLOOKUP($C10,'Show Details'!A:Z,7,0),"") | L10: =SUMIFS(Dump!$D:$D,Dump!$B:$B,$C10,Dump!$A:$A,$V10) -> 0 | M10: =SUMIFS(Dump!R:R,Dump!B:B,C10,Dump!A:A,V10) -> 0 | N10: =K10-L10 -> 0 | P10: =SUMIFS(Dump!E:E,Dump!B:B,C10,Dump!A:A,V10) -> 0 | Q10: =O10-P10 -> 0 | S10: =SUMIFS(Dump!P:P,Dump!B:B,C10,Dump!A:A,V10) -> 0 | T10: =R10-S10 -> 0 | V10: 46146
A11: W1 - May'26 | B11: ca6c466ebfcd2658a9f1641045f468c15417a1e7 | D11: My Mysterious Queen | F11: Deepaa | G11: Mona | I11: =IFERROR(VLOOKUP($C11,'Show Details'!A:Z,7,0),"") | L11: =SUMIFS(Dump!$D:$D,Dump!$B:$B,$C11,Dump!$A:$A,$V11) -> 0 | M11: =SUMIFS(Dump!R:R,Dump!B:B,C11,Dump!A:A,V11) -> 0 | N11: =K11-L11 -> 0 | P11: =SUMIFS(Dump!E:E,Dump!B:B,C11,Dump!A:A,V11) -> 0 | Q11: =O11-P11 -> 0 | S11: =SUMIFS(Dump!P:P,Dump!B:B,C11,Dump!A:A,V11) -> 0 | T11: =R11-S11 -> 0 | V11: 46146
A12: W1 - May'26 | C12: aab7b2fa6301b585dcebf9ec60cf4371307ad469 | D12: Tere Ishq Mein | E12: Running | F12: Trupti | G12: Pooja Sharma | I12: =IFERROR(VLOOKUP($C12,'Show Details'!A:Z,7,0),"") | K12: 40 | L12: =SUMIFS(Dump!$D:$D,Dump!$B:$B,$C12,Dump!$A:$A,$V12) -> 30 | M12: =SUMIFS(Dump!R:R,Dump!B:B,C12,Dump!A:A,V12) -> 65086 | N12: =K12-L12 -> 10 | P12: =SUMIFS(Dump!E:E,Dump!B:B,C12,Dump!A:A,V12) -> 34 | Q12: =O12-P12 -> -34 | S12: =SUMIFS(Dump!P:P,Dump!B:B,C12,Dump!A:A,V12) -> 32 | T12: =R12-S12 -> -32 | V12: 46146
A13: W1 - May'26 | B13: 2549f1505a3739b3e90a0b63921ad55271440d40 | D13: Reborn In martial World | F13: Trupti | G13: Prasenjeet | I13: =IFERROR(VLOOKUP($C13,'Show Details'!A:Z,7,0),"") | L13: =SUMIFS(Dump!$D:$D,Dump!$B:$B,$C13,Dump!$A:$A,$V13) -> 0 | M13: =SUMIFS(Dump!R:R,Dump!B:B,C13,Dump!A:A,V13) -> 0 | N13: =K13-L13 -> 0 | P13: =SUMIFS(Dump!E:E,Dump!B:B,C13,Dump!A:A,V13) -> 0 | Q13: =O13-P13 -> 0 | S13: =SUMIFS(Dump!P:P,Dump!B:B,C13,Dump!A:A,V13) -> 0 | T13: =R13-S13 -> 0 | V13: 46146
A14: W1 - May'26 | C14: bb6f447c782519839d8793fda0d35f90bad4421a | D14: Ruthless | E14: Running | F14: Trupti | G14: Prasenjeet | I14: =IFERROR(VLOOKUP($C14,'Show Details'!A:Z,7,0),"") | L14: =SUMIFS(Dump!$D:$D,Dump!$B:$B,$C14,Dump!$A:$A,$V14) -> 0 | M14: =SUMIFS(Dump!R:R,Dump!B:B,C14,Dump!A:A,V14) -> 0 | N14: =K14-L14 -> 0 | P14: =SUMIFS(Dump!E:E,Dump!B:B,C14,Dump!A:A,V14) -> 0 | Q14: =O14-P14 -> 0 | S14: =SUMIFS(Dump!P:P,Dump!B:B,C14,Dump!A:A,V14) -> 8 | T14: =R14-S14 -> -8 | V14: 46146
A15: W1 - May'26 | B15: 37e68193f879e91ec362f75f4b46511110658e2b | C15: 7ea3277f02ef13c60cfa72336d009bf7ee6c17e8 | D15: Saaya the Dark Love | E15: Running | F15: Deepaa | I15: =IFERROR(VLOOKUP($C15,'Show Details'!A:Z,7,0),"") | K15: 10 | L15: =SUMIFS(Dump!$D:$D,Dump!$B:$B,$C15,Dump!$A:$A,$V15) -> 12 | M15: =SUMIFS(Dump!R:R,Dump!B:B,C15,Dump!A:A,V15) -> 24413 | N15: =K15-L15 -> -2 | P15: =SUMIFS(Dump!E:E,Dump!B:B,C15,Dump!A:A,V15) -> 13 | Q15: =O15-P15 -> -13 | S15: =SUMIFS(Dump!P:P,Dump!B:B,C15,Dump!A:A,V15) -> 11 | T15: =R15-S15 -> -11 | V15: 46146
A16: W1 - May'26 | B16: aa81f1feb820ed6f22bd7b22b55890db740929cb | D16: Shunya Samrat | F16: Trupti | G16: Harish (UGC) | I16: =IFERROR(VLOOKUP($C16,'Show Details'!A:Z,7,0),"") | L16: =SUMIFS(Dump!$D:$D,Dump!$B:$B,$C16,Dump!$A:$A,$V16) -> 0 | M16: =SUMIFS(Dump!R:R,Dump!B:B,C16,Dump!A:A,V16) -> 0 | N16: =K16-L16 -> 0 | P16: =SUMIFS(Dump!E:E,Dump!B:B,C16,Dump!A:A,V16) -> 0 | Q16: =O16-P16 -> 0 | S16: =SUMIFS(Dump!P:P,Dump!B:B,C16,Dump!A:A,V16) -> 0 | T16: =R16-S16 -> 0 | V16: 46146
A17: W1 - May'26 | B17: f8fbcb9a13d17d5888164fffc1bbb7cd5c6608b2 | C17: 394d109f7b50d9a46fb591dbaaba2d0aac90a696 | D17: SRGJ / EHK | E17: Running | F17: Asma | G17: Avneet | I17: =IFERROR(VLOOKUP($C17,'Show Details'!A:Z,7,0),"") | L17: =SUMIFS(Dump!$D:$D,Dump!$B:$B,$C17,Dump!$A:$A,$V17) -> 1 | M17: =SUMIFS(Dump!R:R,Dump!B:B,C17,Dump!A:A,V17) -> 2732 | N17: =K17-L17 -> -1 | P17: =SUMIFS(Dump!E:E,Dump!B:B,C17,Dump!A:A,V17) -> 1 | Q17: =O17-P17 -> -1 | S17: =SUMIFS(Dump!P:P,Dump!B:B,C17,Dump!A:A,V17) -> 3 | T17: =R17-S17 -> -3 | V17: 46146
A18: W1 - May'26 | B18: a3ba65aa427077188e1ad7dbcbcafae266683ca9 | C18: 5066c0736f9e9444f2b4da840d6860b1f7f47d11 | D18: The Worrior - Ajith | E18: Running | F18: Deepaa | G18: Dayaram (UGC) + Naznin | I18: =IFERROR(VLOOKUP($C18,'Show Details'!A:Z,7,0),"") | K18: 18 | L18: =SUMIFS(Dump!$D:$D,Dump!$B:$B,$C18,Dump!$A:$A,$V18) -> 354 | M18: =SUMIFS(Dump!R:R,Dump!B:B,C18,Dump!A:A,V18) -> 882175 | N18: =K18-L18 -> -336 | P18: =SUMIFS(Dump!E:E,Dump!B:B,C18,Dump!A:A,V18) -> 25 | Q18: =O18-P18 -> -25 | S18: =SUMIFS(Dump!P:P,Dump!B:B,C18,Dump!A:A,V18) -> 20 | T18: =R18-S18 -> -20 | V18: 46146
A19: W1 - May'26 | C19: 017fddbaa7617afdd8289be5c433df09dcde1da2 | D19: His Secret Fortune | E19: Running | F19: Trupti | G19: Pooja Sharma | I19: =IFERROR(VLOOKUP($C19,'Show Details'!A:Z,7,0),"") | L19: =SUMIFS(Dump!$D:$D,Dump!$B:$B,$C19,Dump!$A:$A,$V19) -> 23 | M19: =SUMIFS(Dump!R:R,Dump!B:B,C19,Dump!A:A,V19) -> 56248 | N19: =K19-L19 -> -23 | P19: =SUMIFS(Dump!E:E,Dump!B:B,C19,Dump!A:A,V19) -> 14 | Q19: =O19-P19 -> -14 | S19: =SUMIFS(Dump!P:P,Dump!B:B,C19,Dump!A:A,V19) -> 24 | T19: =R19-S19 -> -24 | V19: 46146
A20: W1 - May'26 | C20: b236b697a3dda78049a484b58d63a75f4503ad66 | D20: Rudra - Rise of the Supreme Yoddha | E20: Paused | F20: Deepaa | G20: Atrij | I20: =IFERROR(VLOOKUP($C20,'Show Details'!A:Z,7,0),"") | L20: =SUMIFS(Dump!$D:$D,Dump!$B:$B,$C20,Dump!$A:$A,$V20) -> 0 | M20: =SUMIFS(Dump!R:R,Dump!B:B,C20,Dump!A:A,V20) -> 0 | N20: =K20-L20 -> 0 | P20: =SUMIFS(Dump!E:E,Dump!B:B,C20,Dump!A:A,V20) -> 0 | Q20: =O20-P20 -> 0 | S20: =SUMIFS(Dump!P:P,Dump!B:B,C20,Dump!A:A,V20) -> 0 | T20: =R20-S20 -> 0 | V20: 46146
A21: W1 - May'26 | C21: b4277fe045604b0c31d4c58c59733d8d995662ff | D21: Divine Power | E21: Paused | F21: Shivam | I21: =IFERROR(VLOOKUP($C21,'Show Details'!A:Z,7,0),"") | L21: =SUMIFS(Dump!$D:$D,Dump!$B:$B,$C21,Dump!$A:$A,$V21) -> 0 | M21: =SUMIFS(Dump!R:R,Dump!B:B,C21,Dump!A:A,V21) -> 0 | N21: =K21-L21 -> 0 | P21: =SUMIFS(Dump!E:E,Dump!B:B,C21,Dump!A:A,V21) -> 0 | Q21: =O21-P21 -> 0 | S21: =SUMIFS(Dump!P:P,Dump!B:B,C21,Dump!A:A,V21) -> 0 | T21: =R21-S21 -> 0 | V21: 46146
A22: W1 - May'26 | C22: ef9669389baf6711142a1ec22c3505fc714d91c0 | D22: Abhimanyu Legend Yoddha | I22: =IFERROR(VLOOKUP($C22,'Show Details'!A:Z,7,0),"") | L22: =SUMIFS(Dump!$D:$D,Dump!$B:$B,$C22,Dump!$A:$A,$V22) -> 0 | M22: =SUMIFS(Dump!R:R,Dump!B:B,C22,Dump!A:A,V22) -> 0 | N22: =K22-L22 -> 0 | P22: =SUMIFS(Dump!E:E,Dump!B:B,C22,Dump!A:A,V22) -> 0 | Q22: =O22-P22 -> 0 | S22: =SUMIFS(Dump!P:P,Dump!B:B,C22,Dump!A:A,V22) -> 0 | T22: =R22-S22 -> 0 | V22: 46146
A23: W1 - May'26 | C23: c6ddafe0c1c28e76700ec68e65063945a05ee155 | D23: Reborn to Rule | E23: Running | I23: =IFERROR(VLOOKUP($C23,'Show Details'!A:Z,7,0),"") | K23: 20 | L23: =SUMIFS(Dump!$D:$D,Dump!$B:$B,$C23,Dump!$A:$A,$V23) -> 19 | M23: =SUMIFS(Dump!R:R,Dump!B:B,C23,Dump!A:A,V23) -> 41346 | N23: =K23-L23 -> 1 | P23: =SUMIFS(Dump!E:E,Dump!B:B,C23,Dump!A:A,V23) -> 0 | Q23: =O23-P23 -> 0 | S23: =SUMIFS(Dump!P:P,Dump!B:B,C23,Dump!A:A,V23) -> 0 | T23: =R23-S23 -> 0 | V23: 46146
A24: W1 - May'26 | C24: b19f613216d474cd2927d5f4832a949dca2dc33e | D24: The Immortal | E24: Paused | F24: Trupti | G24: Mauli | I24: =IFERROR(VLOOKUP($C24,'Show Details'!A:Z,7,0),"") | L24: =SUMIFS(Dump!$D:$D,Dump!$B:$B,$C24,Dump!$A:$A,$V24) -> 0 | M24: =SUMIFS(Dump!R:R,Dump!B:B,C24,Dump!A:A,V24) -> 0 | N24: =K24-L24 -> 0 | P24: =SUMIFS(Dump!E:E,Dump!B:B,C24,Dump!A:A,V24) -> 0 | Q24: =O24-P24 -> 0 | S24: =SUMIFS(Dump!P:P,Dump!B:B,C24,Dump!A:A,V24) -> 0 | T24: =R24-S24 -> 0 | V24: 46146
A25: W1 - May'26 | C25: 6b246320a4c5853ce55127d5e00ee8805a97659a | D25: Mystic Fate System | E25: Paused | F25: Deepaa | G25: March W1 | I25: =IFERROR(VLOOKUP($C25,'Show Details'!A:Z,7,0),"") | L25: =SUMIFS(Dump!$D:$D,Dump!$B:$B,$C25,Dump!$A:$A,$V25) -> 0 | M25: =SUMIFS(Dump!R:R,Dump!B:B,C25,Dump!A:A,V25) -> 0 | N25: =K25-L25 -> 0 | P25: =SUMIFS(Dump!E:E,Dump!B:B,C25,Dump!A:A,V25) -> 0 | Q25: =O25-P25 -> 0 | S25: =SUMIFS(Dump!P:P,Dump!B:B,C25,Dump!A:A,V25) -> 1 | T25: =R25-S25 -> -1 | V25: 46146
A26: W1 - May'26 | C26: 120f01928bb6593698eaa96f46a52b5ddab649bd | D26: Beggar Husband - 2 | E26: Running | I26: =IFERROR(VLOOKUP($C26,'Show Details'!A:Z,7,0),"") | K26: 12 | L26: =SUMIFS(Dump!$D:$D,Dump!$B:$B,$C26,Dump!$A:$A,$V26) -> 15 | M26: =SUMIFS(Dump!R:R,Dump!B:B,C26,Dump!A:A,V26) -> 33622 | N26: =K26-L26 -> -3 | P26: =SUMIFS(Dump!E:E,Dump!B:B,C26,Dump!A:A,V26) -> 19 | Q26: =O26-P26 -> -19 | S26: =SUMIFS(Dump!P:P,Dump!B:B,C26,Dump!A:A,V26) -> 21 | T26: =R26-S26 -> -21 | V26: 46146
A27: W1 - May'26 | C27: 2f705add1a4571e3dcc4eb1426edfaa372c9cee8 | D27: Beggar Husband - Pnakaj | E27: Paused | F27: Shivam | G27: March W1 | I27: =IFERROR(VLOOKUP($C27,'Show Details'!A:Z,7,0),"") | L27: =SUMIFS(Dump!$D:$D,Dump!$B:$B,$C27,Dump!$A:$A,$V27) -> 0 | M27: =SUMIFS(Dump!R:R,Dump!B:B,C27,Dump!A:A,V27) -> 0 | N27: =K27-L27 -> 0 | P27: =SUMIFS(Dump!E:E,Dump!B:B,C27,Dump!A:A,V27) -> 0 | Q27: =O27-P27 -> 0 | S27: =SUMIFS(Dump!P:P,Dump!B:B,C27,Dump!A:A,V27) -> 0 | T27: =R27-S27 -> 0 | V27: 46146
A28: W1 - May'26 | C28: 5a7d21f6ad9df12be70cd9439dd850c36627991d | D28: Ek stranger se Pyaar | E28: Running | F28: Trupti | G28: Atrij | I28: =IFERROR(VLOOKUP($C28,'Show Details'!A:Z,7,0),"") | K28: 30 | L28: =SUMIFS(Dump!$D:$D,Dump!$B:$B,$C28,Dump!$A:$A,$V28) -> 29 | M28: =SUMIFS(Dump!R:R,Dump!B:B,C28,Dump!A:A,V28) -> 69012 | N28: =K28-L28 -> 1 | P28: =SUMIFS(Dump!E:E,Dump!B:B,C28,Dump!A:A,V28) -> 11 | Q28: =O28-P28 -> -11 | S28: =SUMIFS(Dump!P:P,Dump!B:B,C28,Dump!A:A,V28) -> 19 | T28: =R28-S28 -> -19 | V28: 46146
A29: W1 - May'26 | C29: 6867922e795be5da6320ef1d28567452800209ba | D29: The Dimension God | E29: Running | F29: Trupti | I29: =IFERROR(VLOOKUP($C29,'Show Details'!A:Z,7,0),"") | K29: 30 | L29: =SUMIFS(Dump!$D:$D,Dump!$B:$B,$C29,Dump!$A:$A,$V29) -> 30 | M29: =SUMIFS(Dump!R:R,Dump!B:B,C29,Dump!A:A,V29) -> 72191 | N29: =K29-L29 -> 0 | P29: =SUMIFS(Dump!E:E,Dump!B:B,C29,Dump!A:A,V29) -> 5 | Q29: =O29-P29 -> -5 | S29: =SUMIFS(Dump!P:P,Dump!B:B,C29,Dump!A:A,V29) -> 5 | T29: =R29-S29 -> -5 | V29: 46146
A30: W1 - May'26 | C30: 54847eda0794e861da74c1034ace021b4643357b | D30: Billionaire King's love | E30: Paused | F30: Trupti | I30: =IFERROR(VLOOKUP($C30,'Show Details'!A:Z,7,0),"") | L30: =SUMIFS(Dump!$D:$D,Dump!$B:$B,$C30,Dump!$A:$A,$V30) -> 0 | M30: =SUMIFS(Dump!R:R,Dump!B:B,C30,Dump!A:A,V30) -> 0 | N30: =K30-L30 -> 0 | P30: =SUMIFS(Dump!E:E,Dump!B:B,C30,Dump!A:A,V30) -> 0 | Q30: =O30-P30 -> 0 | S30: =SUMIFS(Dump!P:P,Dump!B:B,C30,Dump!A:A,V30) -> 0 | T30: =R30-S30 -> 0 | V30: 46146
A31: W1 - May'26 | C31: 1b4ecb8a0d96b42675a2bbd2a9bd28ef4d28a0dd | D31: Doctor Mafia King | I31: =IFERROR(VLOOKUP($C31,'Show Details'!A:Z,7,0),"") | L31: =SUMIFS(Dump!$D:$D,Dump!$B:$B,$C31,Dump!$A:$A,$V31) -> 0 | M31: =SUMIFS(Dump!R:R,Dump!B:B,C31,Dump!A:A,V31) -> 0 | N31: =K31-L31 -> 0 | P31: =SUMIFS(Dump!E:E,Dump!B:B,C31,Dump!A:A,V31) -> 0 | Q31: =O31-P31 -> 0 | S31: =SUMIFS(Dump!P:P,Dump!B:B,C31,Dump!A:A,V31) -> 0 | T31: =R31-S31 -> 0 | V31: 46146
A32: W1 - May'26 | C32: 9afaea00813dcb4fc57a46df70a2e3e1066af919 | D32: My millionaire system | E32: Running | I32: =IFERROR(VLOOKUP($C32,'Show Details'!A:Z,7,0),"") | K32: 10 | L32: =SUMIFS(Dump!$D:$D,Dump!$B:$B,$C32,Dump!$A:$A,$V32) -> 20 | M32: =SUMIFS(Dump!R:R,Dump!B:B,C32,Dump!A:A,V32) -> 43065 | N32: =K32-L32 -> -10 | P32: =SUMIFS(Dump!E:E,Dump!B:B,C32,Dump!A:A,V32) -> 12 | Q32: =O32-P32 -> -12 | S32: =SUMIFS(Dump!P:P,Dump!B:B,C32,Dump!A:A,V32) -> 14 | T32: =R32-S32 -> -14 | V32: 46146
A33: W1 - May'26 | C33: 661dba879cabc615ad2774813367b442a8ba7a6c | D33: My Devil Wife | I33: =IFERROR(VLOOKUP($C33,'Show Details'!A:Z,7,0),"") | L33: =SUMIFS(Dump!$D:$D,Dump!$B:$B,$C33,Dump!$A:$A,$V33) -> 13 | M33: =SUMIFS(Dump!R:R,Dump!B:B,C33,Dump!A:A,V33) -> 30909 | N33: =K33-L33 -> -13 | P33: =SUMIFS(Dump!E:E,Dump!B:B,C33,Dump!A:A,V33) -> 0 | Q33: =O33-P33 -> 0 | S33: =SUMIFS(Dump!P:P,Dump!B:B,C33,Dump!A:A,V33) -> 0 | T33: =R33-S33 -> 0 | V33: 46146
A34: W1 - May'26 | C34: =IFERROR(VLOOKUP(D34,Sheet3!L:M,2,0),"") | D34: The Legend Gods | I34: =IFERROR(VLOOKUP($C34,'Show Details'!A:Z,7,0),"") | L34: =SUMIFS(Dump!$D:$D,Dump!$B:$B,$C34,Dump!$A:$A,$V34) -> 0 | M34: =SUMIFS(Dump!R:R,Dump!B:B,C34,Dump!A:A,V34) -> 0 | N34: =K34-L34 -> 0 | P34: =SUMIFS(Dump!E:E,Dump!B:B,C34,Dump!A:A,V34) -> 0 | Q34: =O34-P34 -> 0 | S34: =SUMIFS(Dump!P:P,Dump!B:B,C34,Dump!A:A,V34) -> 0 | T34: =R34-S34 -> 0 | V34: 46146
A35: W1 - May'26 | C35: =IFERROR(VLOOKUP(D35,Sheet3!L:M,2,0),"") | D35: Hidden King | I35: =IFERROR(VLOOKUP($C35,'Show Details'!A:Z,7,0),"") | L35: =SUMIFS(Dump!$D:$D,Dump!$B:$B,$C35,Dump!$A:$A,$V35) -> 0 | M35: =SUMIFS(Dump!R:R,Dump!B:B,C35,Dump!A:A,V35) -> 0 | N35: =K35-L35 -> 0 | P35: =SUMIFS(Dump!E:E,Dump!B:B,C35,Dump!A:A,V35) -> 0 | Q35: =O35-P35 -> 0 | S35: =SUMIFS(Dump!P:P,Dump!B:B,C35,Dump!A:A,V35) -> 0 | T35: =R35-S35 -> 0 | V35: 46146
A36: W1 - May'26 | C36: =IFERROR(VLOOKUP(D36,Sheet3!L:M,2,0),"") | D36: Devil's Revenge | डेविल्स रिवेंज | Author - Pawan Kumar | F36: =IFERROR(VLOOKUP($D36,Sheet3!$N:$Q,3,0),"") | G36: =IFERROR(VLOOKUP($D36,Sheet3!$N:$Q,4,0),"") | I36: =IFERROR(VLOOKUP($C36,'Show Details'!A:Z,7,0),"") | L36: =SUMIFS(Dump!$D:$D,Dump!$B:$B,$C36,Dump!$A:$A,$V36) -> 0 | M36: =SUMIFS(Dump!R:R,Dump!B:B,C36,Dump!A:A,V36) -> 0 | N36: =K36-L36 -> 0 | P36: =SUMIFS(Dump!E:E,Dump!B:B,C36,Dump!A:A,V36) -> 0 | Q36: =O36-P36 -> 0 | S36: =SUMIFS(Dump!P:P,Dump!B:B,C36,Dump!A:A,V36) -> 0 | T36: =R36-S36 -> 0 | V36: 46146
A37: W1 - May'26 | C37: =IFERROR(VLOOKUP(D37,Sheet3!L:M,2,0),"") | D37: Supreme Ansh: Protector or Destroyer | सुप्रीम अंश प्रोटेक्टर या डिस्ट्रॉयर | Author - Shubham | F37: =IFERROR(VLOOKUP($D37,Sheet3!$N:$Q,3,0),"") | G37: =IFERROR(VLOOKUP($D37,Sheet3!$N:$Q,4,0),"") | I37: =IFERROR(VLOOKUP($C37,'Show Details'!A:Z,7,0),"") | L37: =SUMIFS(Dump!$D:$D,Dump!$B:$B,$C37,Dump!$A:$A,$V37) -> 0 | M37: =SUMIFS(Dump!R:R,Dump!B:B,C37,Dump!A:A,V37) -> 0 | N37: =K37-L37 -> 0 | P37: =SUMIFS(Dump!E:E,Dump!B:B,C37,Dump!A:A,V37) -> 0 | Q37: =O37-P37 -> 0 | S37: =SUMIFS(Dump!P:P,Dump!B:B,C37,Dump!A:A,V37) -> 0 | T37: =R37-S37 -> 0 | V37: 46146
A39: W2 - May'26 | B39: dbbc7f35e9eb33b7562f0fd82896e827101bf13c | C39: b9727274f880f47671ad54caad4904a491fad9c7 | D39: Brahmand Ka Rakshak | E39: Running | F39: Trupti | G39: Vijay | I39: =IFERROR(VLOOKUP($C39,'Show Details'!A:Z,7,0),"") | K39: =IFERROR(VLOOKUP(C39,Sheet10!C:J,8,0),"") | L39: =SUMIFS(Dump!$D:$D,Dump!$B:$B,$C39,Dump!$A:$A,$V39) -> 11 | M39: =SUMIFS(Dump!R:R,Dump!B:B,C39,Dump!A:A,V39) -> 26730 | N39: =K39-L39 -> -11 | P39: =SUMIFS(Dump!E:E,Dump!B:B,C39,Dump!A:A,V39) -> 32 | Q39: =O39-P39 -> -32 | S39: =SUMIFS(Dump!P:P,Dump!B:B,C39,Dump!A:A,V39) -> 3 | T39: =R39-S39 -> -3 | V39: 46153
A40: W2 - May'26 | B40: f43f4253dc3c596ff8f2e3cc9f3b677981a70310 | C40: 5baf4c80faf4b2d4eb9401a1d0081872e0158e89 | D40: Brahmyodha the Destroyer | E40: Running | F40: Deepaa | G40: Shivani | I40: =IFERROR(VLOOKUP($C40,'Show Details'!A:Z,7,0),"") | K40: =IFERROR(VLOOKUP(C40,Sheet10!C:J,8,0),"") | L40: =SUMIFS(Dump!$D:$D,Dump!$B:$B,$C40,Dump!$A:$A,$V40) -> 11 | M40: =SUMIFS(Dump!R:R,Dump!B:B,C40,Dump!A:A,V40) -> 24161 | N40: =K40-L40 -> -11 | P40: =SUMIFS(Dump!E:E,Dump!B:B,C40,Dump!A:A,V40) -> 8 | Q40: =O40-P40 -> -8 | S40: =SUMIFS(Dump!P:P,Dump!B:B,C40,Dump!A:A,V40) -> 10 | T40: =R40-S40 -> -10 | V40: 46153
A41: W2 - May'26 | B41: 859785ba4869b28dddcfcb0e75295d1e1ad9b5a9 | C41: 96f1f89e4494e06fb7f9e3c4645563fa62ef9320 | D41: King of Dragon | E41: Running | F41: Deepaa | G41: Amit Rajak | I41: =IFERROR(VLOOKUP($C41,'Show Details'!A:Z,7,0),"") | K41: =IFERROR(VLOOKUP(C41,Sheet10!C:J,8,0),"") | L41: =SUMIFS(Dump!$D:$D,Dump!$B:$B,$C41,Dump!$A:$A,$V41) -> 10 | M41: =SUMIFS(Dump!R:R,Dump!B:B,C41,Dump!A:A,V41) -> 24505 | N41: =K41-L41 -> -10 | P41: =SUMIFS(Dump!E:E,Dump!B:B,C41,Dump!A:A,V41) -> 8 | Q41: =O41-P41 -> -8 | S41: =SUMIFS(Dump!P:P,Dump!B:B,C41,Dump!A:A,V41) -> 4 | T41: =R41-S41 -> -4 | V41: 46153
A42: W2 - May'26 | B42: 641b6f77fd211e92df35a3bcbab67e6879e19a66 | C42: 773d29931b435627d0ca406e1ea1425e9a1dbcb6 | D42: Mahagatha | F42: Shivam | G42: NItesh | I42: =IFERROR(VLOOKUP($C42,'Show Details'!A:Z,7,0),"") | K42: =IFERROR(VLOOKUP(C42,Sheet10!C:J,8,0),"") | L42: =SUMIFS(Dump!$D:$D,Dump!$B:$B,$C42,Dump!$A:$A,$V42) -> 18 | M42: =SUMIFS(Dump!R:R,Dump!B:B,C42,Dump!A:A,V42) -> 52058 | N42: =K42-L42 -> -18 | P42: =SUMIFS(Dump!E:E,Dump!B:B,C42,Dump!A:A,V42) -> 16 | Q42: =O42-P42 -> -16 | S42: =SUMIFS(Dump!P:P,Dump!B:B,C42,Dump!A:A,V42) -> 9 | T42: =R42-S42 -> -9 | V42: 46153
A43: W2 - May'26 | B43: e493cee863483a057af12de782cd20043a19ed05 | C43: 4c7fcc2bad9d3ae4744be2bd73cd8a625a0277d5 | D43: Malang | E43: Paused | F43: Trupti | G43: Mauli | I43: =IFERROR(VLOOKUP($C43,'Show Details'!A:Z,7,0),"") | K43: =IFERROR(VLOOKUP(C43,Sheet10!C:J,8,0),"") | L43: =SUMIFS(Dump!$D:$D,Dump!$B:$B,$C43,Dump!$A:$A,$V43) -> 0 | M43: =SUMIFS(Dump!R:R,Dump!B:B,C43,Dump!A:A,V43) -> 0 | N43: =K43-L43 -> 0 | P43: =SUMIFS(Dump!E:E,Dump!B:B,C43,Dump!A:A,V43) -> 0 | Q43: =O43-P43 -> 0 | S43: =SUMIFS(Dump!P:P,Dump!B:B,C43,Dump!A:A,V43) -> 0 | T43: =R43-S43 -> 0 | V43: 46153
A44: W2 - May'26 | B44: 81de0bc81be63a15ef7b7f2a301e23b4f3d49745 | D44: Married to a Hard Hearted | F44: Trupti | G44: Monika UGC | I44: =IFERROR(VLOOKUP($C44,'Show Details'!A:Z,7,0),"") | K44: =IFERROR(VLOOKUP(C44,Sheet10!C:J,8,0),"") | L44: =SUMIFS(Dump!$D:$D,Dump!$B:$B,$C44,Dump!$A:$A,$V44) -> 0 | M44: =SUMIFS(Dump!R:R,Dump!B:B,C44,Dump!A:A,V44) -> 0 | N44: =K44-L44 -> 0 | P44: =SUMIFS(Dump!E:E,Dump!B:B,C44,Dump!A:A,V44) -> 0 | Q44: =O44-P44 -> 0 | S44: =SUMIFS(Dump!P:P,Dump!B:B,C44,Dump!A:A,V44) -> 0 | T44: =R44-S44 -> 0 | V44: 46153
A45: W2 - May'26 | B45: ca6c466ebfcd2658a9f1641045f468c15417a1e7 | D45: My Mysterious Queen | F45: Deepaa | G45: Mona | I45: =IFERROR(VLOOKUP($C45,'Show Details'!A:Z,7,0),"") | K45: =IFERROR(VLOOKUP(C45,Sheet10!C:J,8,0),"") | L45: =SUMIFS(Dump!$D:$D,Dump!$B:$B,$C45,Dump!$A:$A,$V45) -> 0 | M45: =SUMIFS(Dump!R:R,Dump!B:B,C45,Dump!A:A,V45) -> 0 | N45: =K45-L45 -> 0 | P45: =SUMIFS(Dump!E:E,Dump!B:B,C45,Dump!A:A,V45) -> 0 | Q45: =O45-P45 -> 0 | S45: =SUMIFS(Dump!P:P,Dump!B:B,C45,Dump!A:A,V45) -> 0 | T45: =R45-S45 -> 0 | V45: 46153
A46: W2 - May'26 | C46: aab7b2fa6301b585dcebf9ec60cf4371307ad469 | D46: Tere Ishq Mein | E46: Running | F46: Trupti | G46: Pooja Sharma | I46: =IFERROR(VLOOKUP($C46,'Show Details'!A:Z,7,0),"") | K46: =IFERROR(VLOOKUP(C46,Sheet10!C:J,8,0),"") | L46: =SUMIFS(Dump!$D:$D,Dump!$B:$B,$C46,Dump!$A:$A,$V46) -> 23 | M46: =SUMIFS(Dump!R:R,Dump!B:B,C46,Dump!A:A,V46) -> 47833 | N46: =K46-L46 -> -23 | P46: =SUMIFS(Dump!E:E,Dump!B:B,C46,Dump!A:A,V46) -> 28 | Q46: =O46-P46 -> -28 | S46: =SUMIFS(Dump!P:P,Dump!B:B,C46,Dump!A:A,V46) -> 15 | T46: =R46-S46 -> -15 | V46: 46153
A47: W2 - May'26 | B47: 2549f1505a3739b3e90a0b63921ad55271440d40 | D47: Reborn In martial World | F47: Trupti | G47: Prasenjeet | I47: =IFERROR(VLOOKUP($C47,'Show Details'!A:Z,7,0),"") | K47: =IFERROR(VLOOKUP(C47,Sheet10!C:J,8,0),"") | L47: =SUMIFS(Dump!$D:$D,Dump!$B:$B,$C47,Dump!$A:$A,$V47) -> 0 | M47: =SUMIFS(Dump!R:R,Dump!B:B,C47,Dump!A:A,V47) -> 0 | N47: =K47-L47 -> 0 | P47: =SUMIFS(Dump!E:E,Dump!B:B,C47,Dump!A:A,V47) -> 0 | Q47: =O47-P47 -> 0 | S47: =SUMIFS(Dump!P:P,Dump!B:B,C47,Dump!A:A,V47) -> 0 | T47: =R47-S47 -> 0 | V47: 46153
A48: W2 - May'26 | C48: bb6f447c782519839d8793fda0d35f90bad4421a | D48: Ruthless | E48: Running | F48: Trupti | G48: Prasenjeet | I48: =IFERROR(VLOOKUP($C48,'Show Details'!A:Z,7,0),"") | K48: =IFERROR(VLOOKUP(C48,Sheet10!C:J,8,0),"") | L48: =SUMIFS(Dump!$D:$D,Dump!$B:$B,$C48,Dump!$A:$A,$V48) -> 0 | M48: =SUMIFS(Dump!R:R,Dump!B:B,C48,Dump!A:A,V48) -> 0 | N48: =K48-L48 -> 0 | P48: =SUMIFS(Dump!E:E,Dump!B:B,C48,Dump!A:A,V48) -> 1 | Q48: =O48-P48 -> -1 | S48: =SUMIFS(Dump!P:P,Dump!B:B,C48,Dump!A:A,V48) -> 3 | T48: =R48-S48 -> -3 | V48: 46153
A49: W2 - May'26 | B49: 37e68193f879e91ec362f75f4b46511110658e2b | C49: 7ea3277f02ef13c60cfa72336d009bf7ee6c17e8 | D49: Saaya the Dark Love | E49: Running | F49: Deepaa | I49: =IFERROR(VLOOKUP($C49,'Show Details'!A:Z,7,0),"") | K49: =IFERROR(VLOOKUP(C49,Sheet10!C:J,8,0),"") | L49: =SUMIFS(Dump!$D:$D,Dump!$B:$B,$C49,Dump!$A:$A,$V49) -> 37 | M49: =SUMIFS(Dump!R:R,Dump!B:B,C49,Dump!A:A,V49) -> 75556 | N49: =K49-L49 -> -37 | P49: =SUMIFS(Dump!E:E,Dump!B:B,C49,Dump!A:A,V49) -> 5 | Q49: =O49-P49 -> -5 | S49: =SUMIFS(Dump!P:P,Dump!B:B,C49,Dump!A:A,V49) -> 0 | T49: =R49-S49 -> 0 | V49: 46153
A50: W2 - May'26 | B50: aa81f1feb820ed6f22bd7b22b55890db740929cb | D50: Shunya Samrat | F50: Trupti | G50: Harish (UGC) | I50: =IFERROR(VLOOKUP($C50,'Show Details'!A:Z,7,0),"") | K50: =IFERROR(VLOOKUP(C50,Sheet10!C:J,8,0),"") | L50: =SUMIFS(Dump!$D:$D,Dump!$B:$B,$C50,Dump!$A:$A,$V50) -> 0 | M50: =SUMIFS(Dump!R:R,Dump!B:B,C50,Dump!A:A,V50) -> 0 | N50: =K50-L50 -> 0 | P50: =SUMIFS(Dump!E:E,Dump!B:B,C50,Dump!A:A,V50) -> 0 | Q50: =O50-P50 -> 0 | S50: =SUMIFS(Dump!P:P,Dump!B:B,C50,Dump!A:A,V50) -> 0 | T50: =R50-S50 -> 0 | V50: 46153
A51: W2 - May'26 | B51: f8fbcb9a13d17d5888164fffc1bbb7cd5c6608b2 | C51: 394d109f7b50d9a46fb591dbaaba2d0aac90a696 | D51: SRGJ / EHK | E51: Running | F51: Asma | G51: Avneet | I51: =IFERROR(VLOOKUP($C51,'Show Details'!A:Z,7,0),"") | K51: =IFERROR(VLOOKUP(C51,Sheet10!C:J,8,0),"") | L51: =SUMIFS(Dump!$D:$D,Dump!$B:$B,$C51,Dump!$A:$A,$V51) -> 0 | M51: =SUMIFS(Dump!R:R,Dump!B:B,C51,Dump!A:A,V51) -> 0 | N51: =K51-L51 -> 0 | P51: =SUMIFS(Dump!E:E,Dump!B:B,C51,Dump!A:A,V51) -> 0 | Q51: =O51-P51 -> 0 | S51: =SUMIFS(Dump!P:P,Dump!B:B,C51,Dump!A:A,V51) -> 1 | T51: =R51-S51 -> -1 | V51: 46153
A52: W2 - May'26 | B52: a3ba65aa427077188e1ad7dbcbcafae266683ca9 | C52: 5066c0736f9e9444f2b4da840d6860b1f7f47d11 | D52: The Worrior - Ajith | E52: Running | F52: Deepaa | G52: Dayaram (UGC) + Naznin | I52: =IFERROR(VLOOKUP($C52,'Show Details'!A:Z,7,0),"") | K52: =IFERROR(VLOOKUP(C52,Sheet10!C:J,8,0),"") | L52: =SUMIFS(Dump!$D:$D,Dump!$B:$B,$C52,Dump!$A:$A,$V52) -> 1 | M52: =SUMIFS(Dump!R:R,Dump!B:B,C52,Dump!A:A,V52) -> 3118 | N52: =K52-L52 -> -1 | P52: =SUMIFS(Dump!E:E,Dump!B:B,C52,Dump!A:A,V52) -> 17 | Q52: =O52-P52 -> -17 | S52: =SUMIFS(Dump!P:P,Dump!B:B,C52,Dump!A:A,V52) -> 10 | T52: =R52-S52 -> -10 | V52: 46153
A53: W2 - May'26 | C53: 017fddbaa7617afdd8289be5c433df09dcde1da2 | D53: His Secret Fortune | E53: Running | F53: Trupti | G53: Pooja Sharma | I53: =IFERROR(VLOOKUP($C53,'Show Details'!A:Z,7,0),"") | K53: =IFERROR(VLOOKUP(C53,Sheet10!C:J,8,0),"") | L53: =SUMIFS(Dump!$D:$D,Dump!$B:$B,$C53,Dump!$A:$A,$V53) -> 18 | M53: =SUMIFS(Dump!R:R,Dump!B:B,C53,Dump!A:A,V53) -> 42267 | N53: =K53-L53 -> -18 | P53: =SUMIFS(Dump!E:E,Dump!B:B,C53,Dump!A:A,V53) -> 29 | Q53: =O53-P53 -> -29 | S53: =SUMIFS(Dump!P:P,Dump!B:B,C53,Dump!A:A,V53) -> 13 | T53: =R53-S53 -> -13 | V53: 46153
A54: W2 - May'26 | C54: b236b697a3dda78049a484b58d63a75f4503ad66 | D54: Rudra - Rise of the Supreme Yoddha | E54: Paused | F54: Deepaa | G54: Atrij | I54: =IFERROR(VLOOKUP($C54,'Show Details'!A:Z,7,0),"") | K54: =IFERROR(VLOOKUP(C54,Sheet10!C:J,8,0),"") | L54: =SUMIFS(Dump!$D:$D,Dump!$B:$B,$C54,Dump!$A:$A,$V54) -> 0 | M54: =SUMIFS(Dump!R:R,Dump!B:B,C54,Dump!A:A,V54) -> 0 | N54: =K54-L54 -> 0 | P54: =SUMIFS(Dump!E:E,Dump!B:B,C54,Dump!A:A,V54) -> 0 | Q54: =O54-P54 -> 0 | S54: =SUMIFS(Dump!P:P,Dump!B:B,C54,Dump!A:A,V54) -> 0 | T54: =R54-S54 -> 0 | V54: 46153
A55: W2 - May'26 | C55: b4277fe045604b0c31d4c58c59733d8d995662ff | D55: Divine Power | E55: Paused | F55: Shivam | I55: =IFERROR(VLOOKUP($C55,'Show Details'!A:Z,7,0),"") | K55: =IFERROR(VLOOKUP(C55,Sheet10!C:J,8,0),"") | L55: =SUMIFS(Dump!$D:$D,Dump!$B:$B,$C55,Dump!$A:$A,$V55) -> 0 | M55: =SUMIFS(Dump!R:R,Dump!B:B,C55,Dump!A:A,V55) -> 0 | N55: =K55-L55 -> 0 | P55: =SUMIFS(Dump!E:E,Dump!B:B,C55,Dump!A:A,V55) -> 0 | Q55: =O55-P55 -> 0 | S55: =SUMIFS(Dump!P:P,Dump!B:B,C55,Dump!A:A,V55) -> 0 | T55: =R55-S55 -> 0 | V55: 46153
A56: W2 - May'26 | C56: ef9669389baf6711142a1ec22c3505fc714d91c0 | D56: Abhimanyu Legend Yoddha | I56: =IFERROR(VLOOKUP($C56,'Show Details'!A:Z,7,0),"") | K56: =IFERROR(VLOOKUP(C56,Sheet10!C:J,8,0),"") | L56: =SUMIFS(Dump!$D:$D,Dump!$B:$B,$C56,Dump!$A:$A,$V56) -> 0 | M56: =SUMIFS(Dump!R:R,Dump!B:B,C56,Dump!A:A,V56) -> 0 | N56: =K56-L56 -> 0 | P56: =SUMIFS(Dump!E:E,Dump!B:B,C56,Dump!A:A,V56) -> 0 | Q56: =O56-P56 -> 0 | S56: =SUMIFS(Dump!P:P,Dump!B:B,C56,Dump!A:A,V56) -> 0 | T56: =R56-S56 -> 0 | V56: 46153
A57: W2 - May'26 | C57: c6ddafe0c1c28e76700ec68e65063945a05ee155 | D57: Reborn to Rule | E57: Running | I57: =IFERROR(VLOOKUP($C57,'Show Details'!A:Z,7,0),"") | K57: =IFERROR(VLOOKUP(C57,Sheet10!C:J,8,0),"") | L57: =SUMIFS(Dump!$D:$D,Dump!$B:$B,$C57,Dump!$A:$A,$V57) -> 6 | M57: =SUMIFS(Dump!R:R,Dump!B:B,C57,Dump!A:A,V57) -> 13415 | N57: =K57-L57 -> -6 | P57: =SUMIFS(Dump!E:E,Dump!B:B,C57,Dump!A:A,V57) -> 3 | Q57: =O57-P57 -> -3 | S57: =SUMIFS(Dump!P:P,Dump!B:B,C57,Dump!A:A,V57) -> 0 | T57: =R57-S57 -> 0 | V57: 46153
A58: W2 - May'26 | C58: b19f613216d474cd2927d5f4832a949dca2dc33e | D58: The Immortal | E58: Paused | F58: Trupti | G58: Mauli | I58: =IFERROR(VLOOKUP($C58,'Show Details'!A:Z,7,0),"") | K58: =IFERROR(VLOOKUP(C58,Sheet10!C:J,8,0),"") | L58: =SUMIFS(Dump!$D:$D,Dump!$B:$B,$C58,Dump!$A:$A,$V58) -> 0 | M58: =SUMIFS(Dump!R:R,Dump!B:B,C58,Dump!A:A,V58) -> 0 | N58: =K58-L58 -> 0 | P58: =SUMIFS(Dump!E:E,Dump!B:B,C58,Dump!A:A,V58) -> 0 | Q58: =O58-P58 -> 0 | S58: =SUMIFS(Dump!P:P,Dump!B:B,C58,Dump!A:A,V58) -> 0 | T58: =R58-S58 -> 0 | V58: 46153
A59: W2 - May'26 | C59: 6b246320a4c5853ce55127d5e00ee8805a97659a | D59: Mystic Fate System | E59: Paused | F59: Deepaa | G59: March W1 | I59: =IFERROR(VLOOKUP($C59,'Show Details'!A:Z,7,0),"") | K59: =IFERROR(VLOOKUP(C59,Sheet10!C:J,8,0),"") | L59: =SUMIFS(Dump!$D:$D,Dump!$B:$B,$C59,Dump!$A:$A,$V59) -> 0 | M59: =SUMIFS(Dump!R:R,Dump!B:B,C59,Dump!A:A,V59) -> 0 | N59: =K59-L59 -> 0 | P59: =SUMIFS(Dump!E:E,Dump!B:B,C59,Dump!A:A,V59) -> 0 | Q59: =O59-P59 -> 0 | S59: =SUMIFS(Dump!P:P,Dump!B:B,C59,Dump!A:A,V59) -> 0 | T59: =R59-S59 -> 0 | V59: 46153
A60: W2 - May'26 | C60: 120f01928bb6593698eaa96f46a52b5ddab649bd | D60: Beggar Husband - 2 | E60: Running | I60: =IFERROR(VLOOKUP($C60,'Show Details'!A:Z,7,0),"") | K60: =IFERROR(VLOOKUP(C60,Sheet10!C:J,8,0),"") | L60: =SUMIFS(Dump!$D:$D,Dump!$B:$B,$C60,Dump!$A:$A,$V60) -> 11 | M60: =SUMIFS(Dump!R:R,Dump!B:B,C60,Dump!A:A,V60) -> 24076 | N60: =K60-L60 -> -11 | P60: =SUMIFS(Dump!E:E,Dump!B:B,C60,Dump!A:A,V60) -> 9 | Q60: =O60-P60 -> -9 | S60: =SUMIFS(Dump!P:P,Dump!B:B,C60,Dump!A:A,V60) -> 7 | T60: =R60-S60 -> -7 | V60: 46153
A61: W2 - May'26 | C61: 2f705add1a4571e3dcc4eb1426edfaa372c9cee8 | D61: Beggar Husband - Pnakaj | E61: Paused | F61: Shivam | G61: March W1 | I61: =IFERROR(VLOOKUP($C61,'Show Details'!A:Z,7,0),"") | K61: =IFERROR(VLOOKUP(C61,Sheet10!C:J,8,0),"") | L61: =SUMIFS(Dump!$D:$D,Dump!$B:$B,$C61,Dump!$A:$A,$V61) -> 0 | M61: =SUMIFS(Dump!R:R,Dump!B:B,C61,Dump!A:A,V61) -> 0 | N61: =K61-L61 -> 0 | P61: =SUMIFS(Dump!E:E,Dump!B:B,C61,Dump!A:A,V61) -> 0 | Q61: =O61-P61 -> 0 | S61: =SUMIFS(Dump!P:P,Dump!B:B,C61,Dump!A:A,V61) -> 0 | T61: =R61-S61 -> 0 | V61: 46153
A62: W2 - May'26 | C62: 5a7d21f6ad9df12be70cd9439dd850c36627991d | D62: Ek stranger se Pyaar | E62: Running | F62: Trupti | G62: Atrij | I62: =IFERROR(VLOOKUP($C62,'Show Details'!A:Z,7,0),"") | K62: =IFERROR(VLOOKUP(C62,Sheet10!C:J,8,0),"") | L62: =SUMIFS(Dump!$D:$D,Dump!$B:$B,$C62,Dump!$A:$A,$V62) -> 16 | M62: =SUMIFS(Dump!R:R,Dump!B:B,C62,Dump!A:A,V62) -> 38447 | N62: =K62-L62 -> -16 | P62: =SUMIFS(Dump!E:E,Dump!B:B,C62,Dump!A:A,V62) -> 12 | Q62: =O62-P62 -> -12 | S62: =SUMIFS(Dump!P:P,Dump!B:B,C62,Dump!A:A,V62) -> 0 | T62: =R62-S62 -> 0 | V62: 46153
A63: W2 - May'26 | C63: 6867922e795be5da6320ef1d28567452800209ba | D63: The Dimension God | E63: Running | F63: Trupti | I63: =IFERROR(VLOOKUP($C63,'Show Details'!A:Z,7,0),"") | K63: =IFERROR(VLOOKUP(C63,Sheet10!C:J,8,0),"") | L63: =SUMIFS(Dump!$D:$D,Dump!$B:$B,$C63,Dump!$A:$A,$V63) -> 30 | M63: =SUMIFS(Dump!R:R,Dump!B:B,C63,Dump!A:A,V63) -> 69830 | N63: =K63-L63 -> -30 | P63: =SUMIFS(Dump!E:E,Dump!B:B,C63,Dump!A:A,V63) -> 4 | Q63: =O63-P63 -> -4 | S63: =SUMIFS(Dump!P:P,Dump!B:B,C63,Dump!A:A,V63) -> 3 | T63: =R63-S63 -> -3 | V63: 46153
A64: W2 - May'26 | C64: 54847eda0794e861da74c1034ace021b4643357b | D64: Billionaire King's love | E64: Paused | F64: Trupti | I64: =IFERROR(VLOOKUP($C64,'Show Details'!A:Z,7,0),"") | K64: =IFERROR(VLOOKUP(C64,Sheet10!C:J,8,0),"") | L64: =SUMIFS(Dump!$D:$D,Dump!$B:$B,$C64,Dump!$A:$A,$V64) -> 7 | M64: =SUMIFS(Dump!R:R,Dump!B:B,C64,Dump!A:A,V64) -> 14999 | N64: =K64-L64 -> -7 | P64: =SUMIFS(Dump!E:E,Dump!B:B,C64,Dump!A:A,V64) -> 5 | Q64: =O64-P64 -> -5 | S64: =SUMIFS(Dump!P:P,Dump!B:B,C64,Dump!A:A,V64) -> 0 | T64: =R64-S64 -> 0 | V64: 46153
A65: W2 - May'26 | C65: 1b4ecb8a0d96b42675a2bbd2a9bd28ef4d28a0dd | D65: Doctor Mafia King | I65: =IFERROR(VLOOKUP($C65,'Show Details'!A:Z,7,0),"") | K65: =IFERROR(VLOOKUP(C65,Sheet10!C:J,8,0),"") | L65: =SUMIFS(Dump!$D:$D,Dump!$B:$B,$C65,Dump!$A:$A,$V65) -> 0 | M65: =SUMIFS(Dump!R:R,Dump!B:B,C65,Dump!A:A,V65) -> 0 | N65: =K65-L65 -> 0 | P65: =SUMIFS(Dump!E:E,Dump!B:B,C65,Dump!A:A,V65) -> 0 | Q65: =O65-P65 -> 0 | S65: =SUMIFS(Dump!P:P,Dump!B:B,C65,Dump!A:A,V65) -> 0 | T65: =R65-S65 -> 0 | V65: 46153
A66: W2 - May'26 | C66: 9afaea00813dcb4fc57a46df70a2e3e1066af919 | D66: My millionaire system | E66: Running | I66: =IFERROR(VLOOKUP($C66,'Show Details'!A:Z,7,0),"") | K66: =IFERROR(VLOOKUP(C66,Sheet10!C:J,8,0),"") | L66: =SUMIFS(Dump!$D:$D,Dump!$B:$B,$C66,Dump!$A:$A,$V66) -> 15 | M66: =SUMIFS(Dump!R:R,Dump!B:B,C66,Dump!A:A,V66) -> 24918 | N66: =K66-L66 -> -15 | P66: =SUMIFS(Dump!E:E,Dump!B:B,C66,Dump!A:A,V66) -> 9 | Q66: =O66-P66 -> -9 | S66: =SUMIFS(Dump!P:P,Dump!B:B,C66,Dump!A:A,V66) -> 7 | T66: =R66-S66 -> -7 | V66: 46153
A67: W2 - May'26 | C67: 661dba879cabc615ad2774813367b442a8ba7a6c | D67: My Devil Wife | I67: =IFERROR(VLOOKUP($C67,'Show Details'!A:Z,7,0),"") | K67: =IFERROR(VLOOKUP(C67,Sheet10!C:J,8,0),"") | L67: =SUMIFS(Dump!$D:$D,Dump!$B:$B,$C67,Dump!$A:$A,$V67) -> 3 | M67: =SUMIFS(Dump!R:R,Dump!B:B,C67,Dump!A:A,V67) -> 7096 | N67: =K67-L67 -> -3 | P67: =SUMIFS(Dump!E:E,Dump!B:B,C67,Dump!A:A,V67) -> 14 | Q67: =O67-P67 -> -14 | S67: =SUMIFS(Dump!P:P,Dump!B:B,C67,Dump!A:A,V67) -> 0 | T67: =R67-S67 -> 0 | V67: 46153
A68: W2 - May'26 | C68: =IFERROR(VLOOKUP(D68,Sheet3!L:M,2,0),"") | D68: The Legend Gods | I68: =IFERROR(VLOOKUP($C68,'Show Details'!A:Z,7,0),"") | K68: =IFERROR(VLOOKUP(C68,Sheet10!C:J,8,0),"") | L68: =SUMIFS(Dump!$D:$D,Dump!$B:$B,$C68,Dump!$A:$A,$V68) -> 0 | M68: =SUMIFS(Dump!R:R,Dump!B:B,C68,Dump!A:A,V68) -> 0 | N68: =K68-L68 -> 0 | P68: =SUMIFS(Dump!E:E,Dump!B:B,C68,Dump!A:A,V68) -> 0 | Q68: =O68-P68 -> 0 | S68: =SUMIFS(Dump!P:P,Dump!B:B,C68,Dump!A:A,V68) -> 0 | T68: =R68-S68 -> 0 | V68: 46153
A69: W2 - May'26 | C69: =IFERROR(VLOOKUP(D69,Sheet3!L:M,2,0),"") | D69: Hidden King | I69: =IFERROR(VLOOKUP($C69,'Show Details'!A:Z,7,0),"") | K69: =IFERROR(VLOOKUP(C69,Sheet10!C:J,8,0),"") | L69: =SUMIFS(Dump!$D:$D,Dump!$B:$B,$C69,Dump!$A:$A,$V69) -> 0 | M69: =SUMIFS(Dump!R:R,Dump!B:B,C69,Dump!A:A,V69) -> 0 | N69: =K69-L69 -> 0 | P69: =SUMIFS(Dump!E:E,Dump!B:B,C69,Dump!A:A,V69) -> 0 | Q69: =O69-P69 -> 0 | S69: =SUMIFS(Dump!P:P,Dump!B:B,C69,Dump!A:A,V69) -> 0 | T69: =R69-S69 -> 0 | V69: 46153
A70: W2 - May'26 | C70: =IFERROR(VLOOKUP(D70,Sheet3!L:M,2,0),"") | D70: Devil's Revenge | डेविल्स रिवेंज | Author - Pawan Kumar | F70: =IFERROR(VLOOKUP($D70,Sheet3!$N:$Q,3,0),"") | G70: =IFERROR(VLOOKUP($D70,Sheet3!$N:$Q,4,0),"") | I70: =IFERROR(VLOOKUP($C70,'Show Details'!A:Z,7,0),"") | K70: =IFERROR(VLOOKUP(C70,Sheet10!C:J,8,0),"") | L70: =SUMIFS(Dump!$D:$D,Dump!$B:$B,$C70,Dump!$A:$A,$V70) -> 0 | M70: =SUMIFS(Dump!R:R,Dump!B:B,C70,Dump!A:A,V70) -> 0 | N70: =K70-L70 -> 0 | P70: =SUMIFS(Dump!E:E,Dump!B:B,C70,Dump!A:A,V70) -> 0 | Q70: =O70-P70 -> 0 | S70: =SUMIFS(Dump!P:P,Dump!B:B,C70,Dump!A:A,V70) -> 0 | T70: =R70-S70 -> 0 | V70: 46153
A71: W2 - May'26 | C71: =IFERROR(VLOOKUP(D71,Sheet3!L:M,2,0),"") | D71: Supreme Ansh: Protector or Destroyer | सुप्रीम अंश प्रोटेक्टर या डिस्ट्रॉयर | Author - Shubham | F71: =IFERROR(VLOOKUP($D71,Sheet3!$N:$Q,3,0),"") | G71: =IFERROR(VLOOKUP($D71,Sheet3!$N:$Q,4,0),"") | I71: =IFERROR(VLOOKUP($C71,'Show Details'!A:Z,7,0),"") | K71: =IFERROR(VLOOKUP(C71,Sheet10!C:J,8,0),"") | L71: =SUMIFS(Dump!$D:$D,Dump!$B:$B,$C71,Dump!$A:$A,$V71) -> 0 | M71: =SUMIFS(Dump!R:R,Dump!B:B,C71,Dump!A:A,V71) -> 0 | N71: =K71-L71 -> 0 | P71: =SUMIFS(Dump!E:E,Dump!B:B,C71,Dump!A:A,V71) -> 0 | Q71: =O71-P71 -> 0 | S71: =SUMIFS(Dump!P:P,Dump!B:B,C71,Dump!A:A,V71) -> 0 | T71: =R71-S71 -> 0 | V71: 46153
G72: =IFERROR(VLOOKUP($D72,Sheet3!$N:$Q,5,0),"") | I72: =IFERROR(VLOOKUP($C72,'Show Details'!A:Z,7,0),"") | K72: =IFERROR(VLOOKUP(C72,Sheet10!C:J,8,0),"") | L72: =SUMIFS(Dump!$D:$D,Dump!$B:$B,$C72,Dump!$A:$A,$V72) -> 0 | M72: =SUMIFS(Dump!R:R,Dump!B:B,C72,Dump!A:A,V72) -> 0 | N72: =K72-L72 -> 0 | P72: =SUMIFS(Dump!E:E,Dump!B:B,C72,Dump!A:A,V72) -> 0 | Q72: =O72-P72 -> 0 | S72: =SUMIFS(Dump!P:P,Dump!B:B,C72,Dump!A:A,V72) -> 0 | T72: =R72-S72 -> 0
G73: =IFERROR(VLOOKUP($D73,Sheet3!$N:$Q,5,0),"") | I73: =IFERROR(VLOOKUP($C73,'Show Details'!A:Z,7,0),"") | K73: =IFERROR(VLOOKUP(C73,Sheet10!C:J,8,0),"") | L73: =SUMIFS(Dump!$D:$D,Dump!$B:$B,$C73,Dump!$A:$A,$V73) -> 0 | M73: =SUMIFS(Dump!R:R,Dump!B:B,C73,Dump!A:A,V73) -> 0 | N73: =K73-L73 -> 0 | P73: =SUMIFS(Dump!E:E,Dump!B:B,C73,Dump!A:A,V73) -> 0 | Q73: =O73-P73 -> 0 | S73: =SUMIFS(Dump!P:P,Dump!B:B,C73,Dump!A:A,V73) -> 0 | T73: =R73-S73 -> 0
G74: =IFERROR(VLOOKUP($D74,Sheet3!$N:$Q,5,0),"") | I74: =IFERROR(VLOOKUP($C74,'Show Details'!A:Z,7,0),"") | L74: =SUMIFS(Dump!$D:$D,Dump!$B:$B,$C74,Dump!$A:$A,$V74) -> 0 | M74: =SUMIFS(Dump!R:R,Dump!B:B,C74,Dump!A:A,V74) -> 0 | N74: =K74-L74 -> 0 | P74: =SUMIFS(Dump!E:E,Dump!B:B,C74,Dump!A:A,V74) -> 0 | Q74: =O74-P74 -> 0 | S74: =SUMIFS(Dump!P:P,Dump!B:B,C74,Dump!A:A,V74) -> 0 | T74: =R74-S74 -> 0
G75: =IFERROR(VLOOKUP($D75,Sheet3!$N:$Q,5,0),"") | I75: =IFERROR(VLOOKUP($C75,'Show Details'!A:Z,7,0),"") | L75: =SUMIFS(Dump!$D:$D,Dump!$B:$B,$C75,Dump!$A:$A,$V75) -> 0 | M75: =SUMIFS(Dump!R:R,Dump!B:B,C75,Dump!A:A,V75) -> 0 | N75: =K75-L75 -> 0 | P75: =SUMIFS(Dump!E:E,Dump!B:B,C75,Dump!A:A,V75) -> 0 | Q75: =O75-P75 -> 0 | S75: =SUMIFS(Dump!P:P,Dump!B:B,C75,Dump!A:A,V75) -> 0 | T75: =R75-S75 -> 0
G76: =IFERROR(VLOOKUP($D76,Sheet3!$N:$Q,5,0),"") | I76: =IFERROR(VLOOKUP($C76,'Show Details'!A:Z,7,0),"") | L76: =SUMIFS(Dump!$D:$D,Dump!$B:$B,$C76,Dump!$A:$A,$V76) -> 0 | M76: =SUMIFS(Dump!R:R,Dump!B:B,C76,Dump!A:A,V76) -> 0 | N76: =K76-L76 -> 0 | P76: =SUMIFS(Dump!E:E,Dump!B:B,C76,Dump!A:A,V76) -> 0 | Q76: =O76-P76 -> 0 | S76: =SUMIFS(Dump!P:P,Dump!B:B,C76,Dump!A:A,V76) -> 0 | T76: =R76-S76 -> 0
G77: =IFERROR(VLOOKUP($D77,Sheet3!$N:$Q,5,0),"") | I77: =IFERROR(VLOOKUP($C77,'Show Details'!A:Z,7,0),"") | L77: =SUMIFS(Dump!$D:$D,Dump!$B:$B,$C77,Dump!$A:$A,$V77) -> 0 | M77: =SUMIFS(Dump!R:R,Dump!B:B,C77,Dump!A:A,V77) -> 0 | N77: =K77-L77 -> 0 | P77: =SUMIFS(Dump!E:E,Dump!B:B,C77,Dump!A:A,V77) -> 0 | Q77: =O77-P77 -> 0 | S77: =SUMIFS(Dump!P:P,Dump!B:B,C77,Dump!A:A,V77) -> 0 | T77: =R77-S77 -> 0
G78: =IFERROR(VLOOKUP($D78,Sheet3!$N:$Q,5,0),"") | I78: =IFERROR(VLOOKUP($C78,'Show Details'!A:Z,7,0),"") | L78: =SUMIFS(Dump!$D:$D,Dump!$B:$B,$C78,Dump!$A:$A,$V78) -> 0 | M78: =SUMIFS(Dump!R:R,Dump!B:B,C78,Dump!A:A,V78) -> 0 | N78: =K78-L78 -> 0 | P78: =SUMIFS(Dump!E:E,Dump!B:B,C78,Dump!A:A,V78) -> 0 | Q78: =O78-P78 -> 0 | S78: =SUMIFS(Dump!P:P,Dump!B:B,C78,Dump!A:A,V78) -> 0 | T78: =R78-S78 -> 0
G79: =IFERROR(VLOOKUP($D79,Sheet3!$N:$Q,5,0),"") | I79: =IFERROR(VLOOKUP($C79,'Show Details'!A:Z,7,0),"") | L79: =SUMIFS(Dump!$D:$D,Dump!$B:$B,$C79,Dump!$A:$A,$V79) -> 0 | M79: =SUMIFS(Dump!R:R,Dump!B:B,C79,Dump!A:A,V79) -> 0 | N79: =K79-L79 -> 0 | P79: =SUMIFS(Dump!E:E,Dump!B:B,C79,Dump!A:A,V79) -> 0 | Q79: =O79-P79 -> 0 | S79: =SUMIFS(Dump!P:P,Dump!B:B,C79,Dump!A:A,V79) -> 0 | T79: =R79-S79 -> 0
G80: =IFERROR(VLOOKUP($D80,Sheet3!$N:$Q,5,0),"") | I80: =IFERROR(VLOOKUP($C80,'Show Details'!A:Z,7,0),"") | L80: =SUMIFS(Dump!$D:$D,Dump!$B:$B,$C80,Dump!$A:$A,$V80) -> 0 | M80: =SUMIFS(Dump!R:R,Dump!B:B,C80,Dump!A:A,V80) -> 0 | N80: =K80-L80 -> 0 | P80: =SUMIFS(Dump!E:E,Dump!B:B,C80,Dump!A:A,V80) -> 0 | Q80: =O80-P80 -> 0 | S80: =SUMIFS(Dump!P:P,Dump!B:B,C80,Dump!A:A,V80) -> 0 | T80: =R80-S80 -> 0
G81: =IFERROR(VLOOKUP($D81,Sheet3!$N:$Q,5,0),"") | I81: =IFERROR(VLOOKUP($C81,'Show Details'!A:Z,7,0),"") | L81: =SUMIFS(Dump!$D:$D,Dump!$B:$B,$C81,Dump!$A:$A,$V81) -> 0 | M81: =SUMIFS(Dump!R:R,Dump!B:B,C81,Dump!A:A,V81) -> 0 | N81: =K81-L81 -> 0 | P81: =SUMIFS(Dump!E:E,Dump!B:B,C81,Dump!A:A,V81) -> 0 | Q81: =O81-P81 -> 0 | S81: =SUMIFS(Dump!P:P,Dump!B:B,C81,Dump!A:A,V81) -> 0 | T81: =R81-S81 -> 0
G82: =IFERROR(VLOOKUP($D82,Sheet3!$N:$Q,5,0),"") | I82: =IFERROR(VLOOKUP($C82,'Show Details'!A:Z,7,0),"") | L82: =SUMIFS(Dump!$D:$D,Dump!$B:$B,$C82,Dump!$A:$A,$V82) -> 0 | M82: =SUMIFS(Dump!R:R,Dump!B:B,C82,Dump!A:A,V82) -> 0 | N82: =K82-L82 -> 0 | P82: =SUMIFS(Dump!E:E,Dump!B:B,C82,Dump!A:A,V82) -> 0 | Q82: =O82-P82 -> 0 | S82: =SUMIFS(Dump!P:P,Dump!B:B,C82,Dump!A:A,V82) -> 0 | T82: =R82-S82 -> 0
G83: =IFERROR(VLOOKUP($D83,Sheet3!$N:$Q,5,0),"") | I83: =IFERROR(VLOOKUP($C83,'Show Details'!A:Z,7,0),"") | L83: =SUMIFS(Dump!$D:$D,Dump!$B:$B,$C83,Dump!$A:$A,$V83) -> 0 | M83: =SUMIFS(Dump!R:R,Dump!B:B,C83,Dump!A:A,V83) -> 0 | N83: =K83-L83 -> 0 | P83: =SUMIFS(Dump!E:E,Dump!B:B,C83,Dump!A:A,V83) -> 0 | Q83: =O83-P83 -> 0 | S83: =SUMIFS(Dump!P:P,Dump!B:B,C83,Dump!A:A,V83) -> 0 | T83: =R83-S83 -> 0
G84: =IFERROR(VLOOKUP($D84,Sheet3!$N:$Q,5,0),"") | I84: =IFERROR(VLOOKUP($C84,'Show Details'!A:Z,7,0),"") | L84: =SUMIFS(Dump!$D:$D,Dump!$B:$B,$C84,Dump!$A:$A,$V84) -> 0 | M84: =SUMIFS(Dump!R:R,Dump!B:B,C84,Dump!A:A,V84) -> 0 | N84: =K84-L84 -> 0 | P84: =SUMIFS(Dump!E:E,Dump!B:B,C84,Dump!A:A,V84) -> 0 | Q84: =O84-P84 -> 0 | S84: =SUMIFS(Dump!P:P,Dump!B:B,C84,Dump!A:A,V84) -> 0 | T84: =R84-S84 -> 0
G85: =IFERROR(VLOOKUP($D85,Sheet3!$N:$Q,5,0),"") | I85: =IFERROR(VLOOKUP($C85,'Show Details'!A:Z,7,0),"") | L85: =SUMIFS(Dump!$D:$D,Dump!$B:$B,$C85,Dump!$A:$A,$V85) -> 0 | M85: =SUMIFS(Dump!R:R,Dump!B:B,C85,Dump!A:A,V85) -> 0 | N85: =K85-L85 -> 0 | P85: =SUMIFS(Dump!E:E,Dump!B:B,C85,Dump!A:A,V85) -> 0 | Q85: =O85-P85 -> 0 | S85: =SUMIFS(Dump!P:P,Dump!B:B,C85,Dump!A:A,V85) -> 0 | T85: =R85-S85 -> 0
... G994: =IFERROR(VLOOKUP($D994,Sheet3!$N:$Q,5,0),"") | I994: =IFERROR(VLOOKUP($C994,'Show Details'!A:Z,7,0),"") | L994: =SUMIFS(Dump!$D:$D,Dump!$B:$B,$C994,Dump!$A:$A,$V994) -> 0 | M994: =SUMIFS(Dump!R:R,Dump!B:B,C994,Dump!A:A,V994) -> 0 | N994: =K994-L994 -> 0 | P994: =SUMIFS(Dump!E:E,Dump!B:B,C994,Dump!A:A,V994) -> 0 | Q994: =O994-P994 -> 0 | S994: =SUMIFS(Dump!P:P,Dump!B:B,C994,Dump!A:A,V994) -> 0 | T994: =R994-S994 -> 0

Sheet Dump
A1: =IFERROR(__xludf.DUMMYFUNCTION("IMPORTRANGE(""1O5ZrS1LfZUtRkCMJG2qtT5s25b1YyUxbOioc5QK37Lk"",""Master!G:AL"")"),"Period") -> Period | B1: =IFERROR(__xludf.DUMMYFUNCTION("""COMPUTED_VALUE"""),"Show ID") -> Show ID | C1: =IFERROR(__xludf.DUMMYFUNCTION("""COMPUTED_VALUE"""),"Show Title") -> Show Title | D1: =IFERROR(__xludf.DUMMYFUNCTION("""COMPUTED_VALUE"""),"Under Review (scripts)") -> Under Review (scripts) | E1: =IFERROR(__xludf.DUMMYFUNCTION("""COMPUTED_VALUE"""),"Approved (scripts)") -> Approved (scripts) | F1: =IFERROR(__xludf.DUMMYFUNCTION("""COMPUTED_VALUE"""),"Issues in Raw (eps)") -> Issues in Raw (eps) | G1: =IFERROR(__xludf.DUMMYFUNCTION("""COMPUTED_VALUE"""),"Issues resolved in Raw (eps)") -> Issues resolved in Raw (eps) | H1: =IFERROR(__xludf.DUMMYFUNCTION("""COMPUTED_VALUE"""),"Production (eps)") -> Production (eps) | I1: =IFERROR(__xludf.DUMMYFUNCTION("""COMPUTED_VALUE"""),"Ready for Master (eps)") -> Ready for Master (eps) | J1: =IFERROR(__xludf.DUMMYFUNCTION("""COMPUTED_VALUE"""),"Master under review (eps)") -> Master under review (eps) | K1: =IFERROR(__xludf.DUMMYFUNCTION("""COMPUTED_VALUE"""),"Issues in Master (eps)") -> Issues in Master (eps) | L1: =IFERROR(__xludf.DUMMYFUNCTION("""COMPUTED_VALUE"""),"Issues resolved in Master (eps)") -> Issues resolved in Master (eps) | M1: =IFERROR(__xludf.DUMMYFUNCTION("""COMPUTED_VALUE"""),"Final Master (eps)") -> Final Master (eps) | N1: =IFERROR(__xludf.DUMMYFUNCTION("""COMPUTED_VALUE"""),"Master Approved (eps)") -> Master Approved (eps) | O1: =IFERROR(__xludf.DUMMYFUNCTION("""COMPUTED_VALUE"""),"Scheduled (eps)") -> Scheduled (eps) | P1: =IFERROR(__xludf.DUMMYFUNCTION("""COMPUTED_VALUE"""),"Released (eps)") -> Released (eps) | Q1: =IFERROR(__xludf.DUMMYFUNCTION("""COMPUTED_VALUE"""),"__") -> __ | R1: =IFERROR(__xludf.DUMMYFUNCTION("""COMPUTED_VALUE"""),"Under Review (word count)") -> Under Review (word count) | S1: =IFERROR(__xludf.DUMMYFUNCTION("""COMPUTED_VALUE"""),"Approved (word count)") -> Approved (word count) | T1: =IFERROR(__xludf.DUMMYFUNCTION("""COMPUTED_VALUE"""),"Raw under review (hr)") -> Raw under review (hr) | U1: =IFERROR(__xludf.DUMMYFUNCTION("""COMPUTED_VALUE"""),"Issues in Raw (hr)") -> Issues in Raw (hr) | V1: =IFERROR(__xludf.DUMMYFUNCTION("""COMPUTED_VALUE"""),"Issues resolved in Raw (hr)") -> Issues resolved in Raw (hr) | W1: =IFERROR(__xludf.DUMMYFUNCTION("""COMPUTED_VALUE"""),"Production (hr)") -> Production (hr) | X1: =IFERROR(__xludf.DUMMYFUNCTION("""COMPUTED_VALUE"""),"Ready for Master (hr)") -> Ready for Master (hr) | Y1: =IFERROR(__xludf.DUMMYFUNCTION("""COMPUTED_VALUE"""),"Master under review (hr)") -> Master under review (hr) | Z1: =IFERROR(__xludf.DUMMYFUNCTION("""COMPUTED_VALUE"""),"Issues in Master (hr)") -> Issues in Master (hr) | AA1: =IFERROR(__xludf.DUMMYFUNCTION("""COMPUTED_VALUE"""),"Issues resolved in Master (hr)") -> Issues resolved in Master (hr) | AB1: =IFERROR(__xludf.DUMMYFUNCTION("""COMPUTED_VALUE"""),"Final Master (hr)") -> Final Master (hr) | AC1: =IFERROR(__xludf.DUMMYFUNCTION("""COMPUTED_VALUE"""),"Master Approved (hr)") -> Master Approved (hr) | AD1: =IFERROR(__xludf.DUMMYFUNCTION("""COMPUTED_VALUE"""),"Scheduled (hr)") -> Scheduled (hr) | AE1: =IFERROR(__xludf.DUMMYFUNCTION("""COMPUTED_VALUE"""),"Released (hr)") -> Released (hr) | AF1: =IFERROR(__xludf.DUMMYFUNCTION("""COMPUTED_VALUE"""),"chapters_raw_qc") -> chapters_raw_qc
A2: =IFERROR(__xludf.DUMMYFUNCTION("""COMPUTED_VALUE"""),46153.0) -> 46153 | B2: =IFERROR(__xludf.DUMMYFUNCTION("""COMPUTED_VALUE"""),"017fddbaa7617afdd8289be5c433df09dcde1da2") -> 017fddbaa7617afdd8289be5c433df09dcde1da2 | C2: =IFERROR(__xludf.DUMMYFUNCTION("""COMPUTED_VALUE"""),"His Secret Fortune - Production Show_id") -> His Secret Fortune - Production Show_id | D2: =IFERROR(__xludf.DUMMYFUNCTION("""COMPUTED_VALUE"""),18.0) -> 18 | E2: =IFERROR(__xludf.DUMMYFUNCTION("""COMPUTED_VALUE"""),29.0) -> 29 | F2: =IFERROR(__xludf.DUMMYFUNCTION("""COMPUTED_VALUE"""),11.0) -> 11 | G2: =IFERROR(__xludf.DUMMYFUNCTION("""COMPUTED_VALUE"""),6.0) -> 6 | H2: =IFERROR(__xludf.DUMMYFUNCTION("""COMPUTED_VALUE"""),8.0) -> 8 | I2: =IFERROR(__xludf.DUMMYFUNCTION("""COMPUTED_VALUE"""),3.0) -> 3 | J2: =IFERROR(__xludf.DUMMYFUNCTION("""COMPUTED_VALUE"""),6.0) -> 6 | K2: =IFERROR(__xludf.DUMMYFUNCTION("""COMPUTED_VALUE"""),3.0) -> 3 | L2: =IFERROR(__xludf.DUMMYFUNCTION("""COMPUTED_VALUE"""),1.0) -> 1 | M2: =IFERROR(__xludf.DUMMYFUNCTION("""COMPUTED_VALUE"""),6.0) -> 6 | N2: =IFERROR(__xludf.DUMMYFUNCTION("""COMPUTED_VALUE"""),13.0) -> 13 | O2: =IFERROR(__xludf.DUMMYFUNCTION("""COMPUTED_VALUE"""),3.0) -> 3 | P2: =IFERROR(__xludf.DUMMYFUNCTION("""COMPUTED_VALUE"""),13.0) -> 13 | Q2: =IFERROR(__xludf.DUMMYFUNCTION("""COMPUTED_VALUE"""),0.0) -> 0 | R2: =IFERROR(__xludf.DUMMYFUNCTION("""COMPUTED_VALUE"""),42267.0) -> 42267 | S2: =IFERROR(__xludf.DUMMYFUNCTION("""COMPUTED_VALUE"""),68750.0) -> 68750 | T2: =IFERROR(__xludf.DUMMYFUNCTION("""COMPUTED_VALUE"""),2.56333333333333) -> 2.5633333 | U2: =IFERROR(__xludf.DUMMYFUNCTION("""COMPUTED_VALUE"""),2.34888888888888) -> 2.3488889 | V2: =IFERROR(__xludf.DUMMYFUNCTION("""COMPUTED_VALUE"""),1.29361111111111) -> 1.2936111 | W2: =IFERROR(__xludf.DUMMYFUNCTION("""COMPUTED_VALUE"""),1.72888888888888) -> 1.7288889 | X2: =IFERROR(__xludf.DUMMYFUNCTION("""COMPUTED_VALUE"""),0.661666666666666) -> 0.66166667 | Y2: =IFERROR(__xludf.DUMMYFUNCTION("""COMPUTED_VALUE"""),1.29611111111111) -> 1.2961111 | Z2: =IFERROR(__xludf.DUMMYFUNCTION("""COMPUTED_VALUE"""),0.656388888888888) -> 0.65638889 | AA2: =IFERROR(__xludf.DUMMYFUNCTION("""COMPUTED_VALUE"""),0.221388888888888) -> 0.22138889 | AB2: =IFERROR(__xludf.DUMMYFUNCTION("""COMPUTED_VALUE"""),1.32861111111111) -> 1.3286111 | AC2: =IFERROR(__xludf.DUMMYFUNCTION("""COMPUTED_VALUE"""),2.81833333333333) -> 2.8183333 | AD2: =IFERROR(__xludf.DUMMYFUNCTION("""COMPUTED_VALUE"""),0.597499999999999) -> 0.5975 | AE2: =IFERROR(__xludf.DUMMYFUNCTION("""COMPUTED_VALUE"""),2.81833333333333) -> 2.8183333 | AF2: =IFERROR(__xludf.DUMMYFUNCTION("""COMPUTED_VALUE"""),12.0) -> 12
A3: =IFERROR(__xludf.DUMMYFUNCTION("""COMPUTED_VALUE"""),46153.0) -> 46153 | B3: =IFERROR(__xludf.DUMMYFUNCTION("""COMPUTED_VALUE"""),"120f01928bb6593698eaa96f46a52b5ddab649bd") -> 120f01928bb6593698eaa96f46a52b5ddab649bd | C3: =IFERROR(__xludf.DUMMYFUNCTION("""COMPUTED_VALUE"""),"Beggar Husband - 2") -> Beggar Husband - 2 | D3: =IFERROR(__xludf.DUMMYFUNCTION("""COMPUTED_VALUE"""),11.0) -> 11 | E3: =IFERROR(__xludf.DUMMYFUNCTION("""COMPUTED_VALUE"""),9.0) -> 9 | F3: =IFERROR(__xludf.DUMMYFUNCTION("""COMPUTED_VALUE"""),0.0) -> 0 | G3: =IFERROR(__xludf.DUMMYFUNCTION("""COMPUTED_VALUE"""),0.0) -> 0 | H3: =IFERROR(__xludf.DUMMYFUNCTION("""COMPUTED_VALUE"""),0.0) -> 0 | I3: =IFERROR(__xludf.DUMMYFUNCTION("""COMPUTED_VALUE"""),0.0) -> 0 | J3: =IFERROR(__xludf.DUMMYFUNCTION("""COMPUTED_VALUE"""),0.0) -> 0 | K3: =IFERROR(__xludf.DUMMYFUNCTION("""COMPUTED_VALUE"""),0.0) -> 0 | L3: =IFERROR(__xludf.DUMMYFUNCTION("""COMPUTED_VALUE"""),0.0) -> 0 | M3: =IFERROR(__xludf.DUMMYFUNCTION("""COMPUTED_VALUE"""),7.0) -> 7 | N3: =IFERROR(__xludf.DUMMYFUNCTION("""COMPUTED_VALUE"""),7.0) -> 7 | O3: =IFERROR(__xludf.DUMMYFUNCTION("""COMPUTED_VALUE"""),3.0) -> 3 | P3: =IFERROR(__xludf.DUMMYFUNCTION("""COMPUTED_VALUE"""),7.0) -> 7 | Q3: =IFERROR(__xludf.DUMMYFUNCTION("""COMPUTED_VALUE"""),0.0) -> 0 | R3: =IFERROR(__xludf.DUMMYFUNCTION("""COMPUTED_VALUE"""),24076.0) -> 24076 | S3: =IFERROR(__xludf.DUMMYFUNCTION("""COMPUTED_VALUE"""),19692.0) -> 19692 | T3: =IFERROR(__xludf.DUMMYFUNCTION("""COMPUTED_VALUE"""),0.505833333333333) -> 0.50583333 | U3: =IFERROR(__xludf.DUMMYFUNCTION("""COMPUTED_VALUE"""),0.0) -> 0 | V3: =IFERROR(__xludf.DUMMYFUNCTION("""COMPUTED_VALUE"""),0.0) -> 0 | W3: =IFERROR(__xludf.DUMMYFUNCTION("""COMPUTED_VALUE"""),0.0) -> 0 | X3: =IFERROR(__xludf.DUMMYFUNCTION("""COMPUTED_VALUE"""),0.0) -> 0 | Y3: =IFERROR(__xludf.DUMMYFUNCTION("""COMPUTED_VALUE"""),0.0) -> 0 | Z3: =IFERROR(__xludf.DUMMYFUNCTION("""COMPUTED_VALUE"""),0.0) -> 0 | AA3: =IFERROR(__xludf.DUMMYFUNCTION("""COMPUTED_VALUE"""),0.0) -> 0 | AB3: =IFERROR(__xludf.DUMMYFUNCTION("""COMPUTED_VALUE"""),1.67333333333333) -> 1.6733333 | AC3: =IFERROR(__xludf.DUMMYFUNCTION("""COMPUTED_VALUE"""),1.67277777777777) -> 1.6727778 | AD3: =IFERROR(__xludf.DUMMYFUNCTION("""COMPUTED_VALUE"""),0.669444444444444) -> 0.66944444 | AE3: =IFERROR(__xludf.DUMMYFUNCTION("""COMPUTED_VALUE"""),1.67277777777777) -> 1.6727778 | AF3: =IFERROR(__xludf.DUMMYFUNCTION("""COMPUTED_VALUE"""),2.0) -> 2
A4: =IFERROR(__xludf.DUMMYFUNCTION("""COMPUTED_VALUE"""),46153.0) -> 46153 | B4: =IFERROR(__xludf.DUMMYFUNCTION("""COMPUTED_VALUE"""),"37e68193f879e91ec362f75f4b46511110658e2b") -> 37e68193f879e91ec362f75f4b46511110658e2b | C4: =IFERROR(__xludf.DUMMYFUNCTION("""COMPUTED_VALUE"""),"Shiva : Ek Pretyodha") -> Shiva : Ek Pretyodha | D4: =IFERROR(__xludf.DUMMYFUNCTION("""COMPUTED_VALUE"""),0.0) -> 0 | E4: =IFERROR(__xludf.DUMMYFUNCTION("""COMPUTED_VALUE"""),0.0) -> 0 | F4: =IFERROR(__xludf.DUMMYFUNCTION("""COMPUTED_VALUE"""),0.0) -> 0 | G4: =IFERROR(__xludf.DUMMYFUNCTION("""COMPUTED_VALUE"""),0.0) -> 0 | H4: =IFERROR(__xludf.DUMMYFUNCTION("""COMPUTED_VALUE"""),0.0) -> 0 | I4: =IFERROR(__xludf.DUMMYFUNCTION("""COMPUTED_VALUE"""),0.0) -> 0 | J4: =IFERROR(__xludf.DUMMYFUNCTION("""COMPUTED_VALUE"""),0.0) -> 0 | K4: =IFERROR(__xludf.DUMMYFUNCTION("""COMPUTED_VALUE"""),0.0) -> 0 | ... N4: =IFERROR(__xludf.DUMMYFUNCTION("""COMPUTED_VALUE"""),0.0) -> 0 | O4: =IFERROR(__xludf.DUMMYFUNCTION("""COMPUTED_VALUE"""),8.0) -> 8 | P4: =IFERROR(__xludf.DUMMYFUNCTION("""COMPUTED_VALUE"""),14.0) -> 14 | Q4: =IFERROR(__xludf.DUMMYFUNCTION("""COMPUTED_VALUE"""),0.0) -> 0 | R4: =IFERROR(__xludf.DUMMYFUNCTION("""COMPUTED_VALUE"""),0.0) -> 0 | S4: =IFERROR(__xludf.DUMMYFUNCTION("""COMPUTED_VALUE"""),0.0) -> 0 | T4: =IFERROR(__xludf.DUMMYFUNCTION("""COMPUTED_VALUE"""),0.0) -> 0 | U4: =IFERROR(__xludf.DUMMYFUNCTION("""COMPUTED_VALUE"""),0.0) -> 0 | V4: =IFERROR(__xludf.DUMMYFUNCTION("""COMPUTED_VALUE"""),0.0) -> 0 | W4: =IFERROR(__xludf.DUMMYFUNCTION("""COMPUTED_VALUE"""),0.0) -> 0 | X4: =IFERROR(__xludf.DUMMYFUNCTION("""COMPUTED_VALUE"""),0.0) -> 0 | ... AC4: =IFERROR(__xludf.DUMMYFUNCTION("""COMPUTED_VALUE"""),0.0) -> 0 | AD4: =IFERROR(__xludf.DUMMYFUNCTION("""COMPUTED_VALUE"""),0.732777777777777) -> 0.73277778 | AE4: =IFERROR(__xludf.DUMMYFUNCTION("""COMPUTED_VALUE"""),1.28138888888888) -> 1.2813889 | AF4: =IFERROR(__xludf.DUMMYFUNCTION("""COMPUTED_VALUE"""),0.0) -> 0
A5: =IFERROR(__xludf.DUMMYFUNCTION("""COMPUTED_VALUE"""),46153.0) -> 46153 | B5: =IFERROR(__xludf.DUMMYFUNCTION("""COMPUTED_VALUE"""),"394d109f7b50d9a46fb591dbaaba2d0aac90a696") -> 394d109f7b50d9a46fb591dbaaba2d0aac90a696 | C5: =IFERROR(__xludf.DUMMYFUNCTION("""COMPUTED_VALUE"""),"Empire of Hidden King (SRGJ) - Production Show_id") -> Empire of Hidden King (SRGJ) - Production Show_id | D5: =IFERROR(__xludf.DUMMYFUNCTION("""COMPUTED_VALUE"""),0.0) -> 0 | E5: =IFERROR(__xludf.DUMMYFUNCTION("""COMPUTED_VALUE"""),0.0) -> 0 | F5: =IFERROR(__xludf.DUMMYFUNCTION("""COMPUTED_VALUE"""),0.0) -> 0 | G5: =IFERROR(__xludf.DUMMYFUNCTION("""COMPUTED_VALUE"""),0.0) -> 0 | H5: =IFERROR(__xludf.DUMMYFUNCTION("""COMPUTED_VALUE"""),0.0) -> 0 | I5: =IFERROR(__xludf.DUMMYFUNCTION("""COMPUTED_VALUE"""),0.0) -> 0 | J5: =IFERROR(__xludf.DUMMYFUNCTION("""COMPUTED_VALUE"""),0.0) -> 0 | K5: =IFERROR(__xludf.DUMMYFUNCTION("""COMPUTED_VALUE"""),0.0) -> 0 | ... M5: =IFERROR(__xludf.DUMMYFUNCTION("""COMPUTED_VALUE"""),0.0) -> 0 | N5: =IFERROR(__xludf.DUMMYFUNCTION("""COMPUTED_VALUE"""),1.0) -> 1 | O5: =IFERROR(__xludf.DUMMYFUNCTION("""COMPUTED_VALUE"""),1.0) -> 1 | P5: =IFERROR(__xludf.DUMMYFUNCTION("""COMPUTED_VALUE"""),1.0) -> 1 | Q5: =IFERROR(__xludf.DUMMYFUNCTION("""COMPUTED_VALUE"""),0.0) -> 0 | R5: =IFERROR(__xludf.DUMMYFUNCTION("""COMPUTED_VALUE"""),0.0) -> 0 | S5: =IFERROR(__xludf.DUMMYFUNCTION("""COMPUTED_VALUE"""),0.0) -> 0 | T5: =IFERROR(__xludf.DUMMYFUNCTION("""COMPUTED_VALUE"""),0.0) -> 0 | U5: =IFERROR(__xludf.DUMMYFUNCTION("""COMPUTED_VALUE"""),0.0) -> 0 | V5: =IFERROR(__xludf.DUMMYFUNCTION("""COMPUTED_VALUE"""),0.0) -> 0 | W5: =IFERROR(__xludf.DUMMYFUNCTION("""COMPUTED_VALUE"""),0.0) -> 0 | X5: =IFERROR(__xludf.DUMMYFUNCTION("""COMPUTED_VALUE"""),0.0) -> 0 | ... AB5: =IFERROR(__xludf.DUMMYFUNCTION("""COMPUTED_VALUE"""),0.0) -> 0 | AC5: =IFERROR(__xludf.DUMMYFUNCTION("""COMPUTED_VALUE"""),0.274722222222222) -> 0.27472222 | AD5: =IFERROR(__xludf.DUMMYFUNCTION("""COMPUTED_VALUE"""),0.272222222222222) -> 0.27222222 | AE5: =IFERROR(__xludf.DUMMYFUNCTION("""COMPUTED_VALUE"""),0.274722222222222) -> 0.27472222 | AF5: =IFERROR(__xludf.DUMMYFUNCTION("""COMPUTED_VALUE"""),0.0) -> 0
A6: =IFERROR(__xludf.DUMMYFUNCTION("""COMPUTED_VALUE"""),46153.0) -> 46153 | B6: =IFERROR(__xludf.DUMMYFUNCTION("""COMPUTED_VALUE"""),"5066c0736f9e9444f2b4da840d6860b1f7f47d11") -> 5066c0736f9e9444f2b4da840d6860b1f7f47d11 | C6: =IFERROR(__xludf.DUMMYFUNCTION("""COMPUTED_VALUE"""),"The Warrior | Author - Dayaram Prajapati - Replica (For Production Only)") -> The Warrior | Author - Dayaram Prajapati - Replica (For Production Only) | D6: =IFERROR(__xludf.DUMMYFUNCTION("""COMPUTED_VALUE"""),1.0) -> 1 | E6: =IFERROR(__xludf.DUMMYFUNCTION("""COMPUTED_VALUE"""),17.0) -> 17 | F6: =IFERROR(__xludf.DUMMYFUNCTION("""COMPUTED_VALUE"""),15.0) -> 15 | G6: =IFERROR(__xludf.DUMMYFUNCTION("""COMPUTED_VALUE"""),11.0) -> 11 | H6: =IFERROR(__xludf.DUMMYFUNCTION("""COMPUTED_VALUE"""),11.0) -> 11 | I6: =IFERROR(__xludf.DUMMYFUNCTION("""COMPUTED_VALUE"""),0.0) -> 0 | J6: =IFERROR(__xludf.DUMMYFUNCTION("""COMPUTED_VALUE"""),11.0) -> 11 | K6: =IFERROR(__xludf.DUMMYFUNCTION("""COMPUTED_VALUE"""),0.0) -> 0 | L6: =IFERROR(__xludf.DUMMYFUNCTION("""COMPUTED_VALUE"""),0.0) -> 0 | M6: =IFERROR(__xludf.DUMMYFUNCTION("""COMPUTED_VALUE"""),7.0) -> 7 | N6: =IFERROR(__xludf.DUMMYFUNCTION("""COMPUTED_VALUE"""),10.0) -> 10 | O6: =IFERROR(__xludf.DUMMYFUNCTION("""COMPUTED_VALUE"""),3.0) -> 3 | P6: =IFERROR(__xludf.DUMMYFUNCTION("""COMPUTED_VALUE"""),10.0) -> 10 | Q6: =IFERROR(__xludf.DUMMYFUNCTION("""COMPUTED_VALUE"""),0.0) -> 0 | R6: =IFERROR(__xludf.DUMMYFUNCTION("""COMPUTED_VALUE"""),3118.0) -> 3118 | S6: =IFERROR(__xludf.DUMMYFUNCTION("""COMPUTED_VALUE"""),51999.0) -> 51999 | T6: =IFERROR(__xludf.DUMMYFUNCTION("""COMPUTED_VALUE"""),4.46611111111111) -> 4.4661111 | U6: =IFERROR(__xludf.DUMMYFUNCTION("""COMPUTED_VALUE"""),5.07111111111111) -> 5.0711111 | V6: =IFERROR(__xludf.DUMMYFUNCTION("""COMPUTED_VALUE"""),3.66888888888888) -> 3.6688889 | W6: =IFERROR(__xludf.DUMMYFUNCTION("""COMPUTED_VALUE"""),3.66888888888888) -> 3.6688889 | X6: =IFERROR(__xludf.DUMMYFUNCTION("""COMPUTED_VALUE"""),0.0) -> 0 | Y6: =IFERROR(__xludf.DUMMYFUNCTION("""COMPUTED_VALUE"""),3.65055555555555) -> 3.6505556 | Z6: =IFERROR(__xludf.DUMMYFUNCTION("""COMPUTED_VALUE"""),0.0) -> 0 | AA6: =IFERROR(__xludf.DUMMYFUNCTION("""COMPUTED_VALUE"""),0.0) -> 0 | AB6: =IFERROR(__xludf.DUMMYFUNCTION("""COMPUTED_VALUE"""),2.40722222222222) -> 2.4072222 | AC6: =IFERROR(__xludf.DUMMYFUNCTION("""COMPUTED_VALUE"""),3.31111111111111) -> 3.3111111 | AD6: =IFERROR(__xludf.DUMMYFUNCTION("""COMPUTED_VALUE"""),0.674999999999999) -> 0.675 | AE6: =IFERROR(__xludf.DUMMYFUNCTION("""COMPUTED_VALUE"""),3.31111111111111) -> 3.3111111 | AF6: =IFERROR(__xludf.DUMMYFUNCTION("""COMPUTED_VALUE"""),13.0) -> 13
A7: =IFERROR(__xludf.DUMMYFUNCTION("""COMPUTED_VALUE"""),46153.0) -> 46153 | B7: =IFERROR(__xludf.DUMMYFUNCTION("""COMPUTED_VALUE"""),"54847eda0794e861da74c1034ace021b4643357b") -> 54847eda0794e861da74c1034ace021b4643357b | C7: =IFERROR(__xludf.DUMMYFUNCTION("""COMPUTED_VALUE"""),"Billionaire King's Love (Production)") -> Billionaire King's Love (Production) | D7: =IFERROR(__xludf.DUMMYFUNCTION("""COMPUTED_VALUE"""),7.0) -> 7 | E7: =IFERROR(__xludf.DUMMYFUNCTION("""COMPUTED_VALUE"""),5.0) -> 5 | F7: =IFERROR(__xludf.DUMMYFUNCTION("""COMPUTED_VALUE"""),0.0) -> 0 | G7: =IFERROR(__xludf.DUMMYFUNCTION("""COMPUTED_VALUE"""),0.0) -> 0 | H7: =IFERROR(__xludf.DUMMYFUNCTION("""COMPUTED_VALUE"""),0.0) -> 0 | I7: =IFERROR(__xludf.DUMMYFUNCTION("""COMPUTED_VALUE"""),0.0) -> 0 | J7: =IFERROR(__xludf.DUMMYFUNCTION("""COMPUTED_VALUE"""),0.0) -> 0 | K7: =IFERROR(__xludf.DUMMYFUNCTION("""COMPUTED_VALUE"""),0.0) -> 0 | L7: =IFERROR(__xludf.DUMMYFUNCTION("""COMPUTED_VALUE"""),0.0) -> 0 | M7: =IFERROR(__xludf.DUMMYFUNCTION("""COMPUTED_VALUE"""),0.0) -> 0 | N7: =IFERROR(__xludf.DUMMYFUNCTION("""COMPUTED_VALUE"""),0.0) -> 0 | O7: =IFERROR(__xludf.DUMMYFUNCTION("""COMPUTED_VALUE"""),2.0) -> 2 | P7: =IFERROR(__xludf.DUMMYFUNCTION("""COMPUTED_VALUE"""),0.0) -> 0 | Q7: =IFERROR(__xludf.DUMMYFUNCTION("""COMPUTED_VALUE"""),0.0) -> 0 | R7: =IFERROR(__xludf.DUMMYFUNCTION("""COMPUTED_VALUE"""),14999.0) -> 14999 | S7: =IFERROR(__xludf.DUMMYFUNCTION("""COMPUTED_VALUE"""),12488.0) -> 12488 | T7: =IFERROR(__xludf.DUMMYFUNCTION("""COMPUTED_VALUE"""),0.0) -> 0 | U7: =IFERROR(__xludf.DUMMYFUNCTION("""COMPUTED_VALUE"""),0.0) -> 0 | V7: =IFERROR(__xludf.DUMMYFUNCTION("""COMPUTED_VALUE"""),0.0) -> 0 | W7: =IFERROR(__xludf.DUMMYFUNCTION("""COMPUTED_VALUE"""),0.0) -> 0 | X7: =IFERROR(__xludf.DUMMYFUNCTION("""COMPUTED_VALUE"""),0.0) -> 0 | Y7: =IFERROR(__xludf.DUMMYFUNCTION("""COMPUTED_VALUE"""),0.0) -> 0 | Z7: =IFERROR(__xludf.DUMMYFUNCTION("""COMPUTED_VALUE"""),0.0) -> 0 | AA7: =IFERROR(__xludf.DUMMYFUNCTION("""COMPUTED_VALUE"""),0.0) -> 0 | ... AC7: =IFERROR(__xludf.DUMMYFUNCTION("""COMPUTED_VALUE"""),0.0) -> 0 | AD7: =IFERROR(__xludf.DUMMYFUNCTION("""COMPUTED_VALUE"""),0.430555555555555) -> 0.43055556 | AE7: =IFERROR(__xludf.DUMMYFUNCTION("""COMPUTED_VALUE"""),0.0) -> 0 | AF7: =IFERROR(__xludf.DUMMYFUNCTION("""COMPUTED_VALUE"""),0.0) -> 0
A8: =IFERROR(__xludf.DUMMYFUNCTION("""COMPUTED_VALUE"""),46153.0) -> 46153 | B8: =IFERROR(__xludf.DUMMYFUNCTION("""COMPUTED_VALUE"""),"5a7d21f6ad9df12be70cd9439dd850c36627991d") -> 5a7d21f6ad9df12be70cd9439dd850c36627991d | C8: =IFERROR(__xludf.DUMMYFUNCTION("""COMPUTED_VALUE"""),"Ek Stranger Se Pyar- Production Id") -> Ek Stranger Se Pyar- Production Id | D8: =IFERROR(__xludf.DUMMYFUNCTION("""COMPUTED_VALUE"""),16.0) -> 16 | E8: =IFERROR(__xludf.DUMMYFUNCTION("""COMPUTED_VALUE"""),12.0) -> 12 | F8: =IFERROR(__xludf.DUMMYFUNCTION("""COMPUTED_VALUE"""),3.0) -> 3 | G8: =IFERROR(__xludf.DUMMYFUNCTION("""COMPUTED_VALUE"""),6.0) -> 6 | H8: =IFERROR(__xludf.DUMMYFUNCTION("""COMPUTED_VALUE"""),9.0) -> 9 | I8: =IFERROR(__xludf.DUMMYFUNCTION("""COMPUTED_VALUE"""),3.0) -> 3 | J8: =IFERROR(__xludf.DUMMYFUNCTION("""COMPUTED_VALUE"""),7.0) -> 7 | K8: =IFERROR(__xludf.DUMMYFUNCTION("""COMPUTED_VALUE"""),6.0) -> 6 | L8: =IFERROR(__xludf.DUMMYFUNCTION("""COMPUTED_VALUE"""),0.0) -> 0 | M8: =IFERROR(__xludf.DUMMYFUNCTION("""COMPUTED_VALUE"""),1.0) -> 1 | N8: =IFERROR(__xludf.DUMMYFUNCTION("""COMPUTED_VALUE"""),0.0) -> 0 | O8: =IFERROR(__xludf.DUMMYFUNCTION("""COMPUTED_VALUE"""),3.0) -> 3 | P8: =IFERROR(__xludf.DUMMYFUNCTION("""COMPUTED_VALUE"""),0.0) -> 0 | Q8: =IFERROR(__xludf.DUMMYFUNCTION("""COMPUTED_VALUE"""),0.0) -> 0 | R8: =IFERROR(__xludf.DUMMYFUNCTION("""COMPUTED_VALUE"""),38447.0) -> 38447 | S8: =IFERROR(__xludf.DUMMYFUNCTION("""COMPUTED_VALUE"""),28364.0) -> 28364 | T8: =IFERROR(__xludf.DUMMYFUNCTION("""COMPUTED_VALUE"""),2.07916666666666) -> 2.0791667 | U8: =IFERROR(__xludf.DUMMYFUNCTION("""COMPUTED_VALUE"""),0.612222222222222) -> 0.61222222 | V8: =IFERROR(__xludf.DUMMYFUNCTION("""COMPUTED_VALUE"""),1.3375) -> 1.3375 | W8: =IFERROR(__xludf.DUMMYFUNCTION("""COMPUTED_VALUE"""),1.96555555555555) -> 1.9655556 | X8: =IFERROR(__xludf.DUMMYFUNCTION("""COMPUTED_VALUE"""),0.628055555555555) -> 0.62805556 | Y8: =IFERROR(__xludf.DUMMYFUNCTION("""COMPUTED_VALUE"""),1.55583333333333) -> 1.5558333 | Z8: =IFERROR(__xludf.DUMMYFUNCTION("""COMPUTED_VALUE"""),1.34305555555555) -> 1.3430556 | AA8: =IFERROR(__xludf.DUMMYFUNCTION("""COMPUTED_VALUE"""),0.0) -> 0 | AB8: =IFERROR(__xludf.DUMMYFUNCTION("""COMPUTED_VALUE"""),0.228611111111111) -> 0.22861111 | AC8: =IFERROR(__xludf.DUMMYFUNCTION("""COMPUTED_VALUE"""),0.0) -> 0 | AD8: =IFERROR(__xludf.DUMMYFUNCTION("""COMPUTED_VALUE"""),0.708055555555555) -> 0.70805556 | AE8: =IFERROR(__xludf.DUMMYFUNCTION("""COMPUTED_VALUE"""),0.0) -> 0 | AF8: =IFERROR(__xludf.DUMMYFUNCTION("""COMPUTED_VALUE"""),10.0) -> 10
A9: =IFERROR(__xludf.DUMMYFUNCTION("""COMPUTED_VALUE"""),46153.0) -> 46153 | B9: =IFERROR(__xludf.DUMMYFUNCTION("""COMPUTED_VALUE"""),"5baf4c80faf4b2d4eb9401a1d0081872e0158e89") -> 5baf4c80faf4b2d4eb9401a1d0081872e0158e89 | C9: =IFERROR(__xludf.DUMMYFUNCTION("""COMPUTED_VALUE"""),"Brahmyodha : The Destroyer - Production showId") -> Brahmyodha : The Destroyer - Production showId | D9: =IFERROR(__xludf.DUMMYFUNCTION("""COMPUTED_VALUE"""),11.0) -> 11 | E9: =IFERROR(__xludf.DUMMYFUNCTION("""COMPUTED_VALUE"""),8.0) -> 8 | F9: =IFERROR(__xludf.DUMMYFUNCTION("""COMPUTED_VALUE"""),11.0) -> 11 | G9: =IFERROR(__xludf.DUMMYFUNCTION("""COMPUTED_VALUE"""),0.0) -> 0 | H9: =IFERROR(__xludf.DUMMYFUNCTION("""COMPUTED_VALUE"""),12.0) -> 12 | I9: =IFERROR(__xludf.DUMMYFUNCTION("""COMPUTED_VALUE"""),3.0) -> 3 | J9: =IFERROR(__xludf.DUMMYFUNCTION("""COMPUTED_VALUE"""),10.0) -> 10 | K9: =IFERROR(__xludf.DUMMYFUNCTION("""COMPUTED_VALUE"""),1.0) -> 1 | L9: =IFERROR(__xludf.DUMMYFUNCTION("""COMPUTED_VALUE"""),0.0) -> 0 | M9: =IFERROR(__xludf.DUMMYFUNCTION("""COMPUTED_VALUE"""),10.0) -> 10 | N9: =IFERROR(__xludf.DUMMYFUNCTION("""COMPUTED_VALUE"""),10.0) -> 10 | O9: =IFERROR(__xludf.DUMMYFUNCTION("""COMPUTED_VALUE"""),3.0) -> 3 | P9: =IFERROR(__xludf.DUMMYFUNCTION("""COMPUTED_VALUE"""),10.0) -> 10 | Q9: =IFERROR(__xludf.DUMMYFUNCTION("""COMPUTED_VALUE"""),0.0) -> 0 | R9: =IFERROR(__xludf.DUMMYFUNCTION("""COMPUTED_VALUE"""),24161.0) -> 24161 | S9: =IFERROR(__xludf.DUMMYFUNCTION("""COMPUTED_VALUE"""),19177.0) -> 19177 | T9: =IFERROR(__xludf.DUMMYFUNCTION("""COMPUTED_VALUE"""),2.84722222222222) -> 2.8472222 | U9: =IFERROR(__xludf.DUMMYFUNCTION("""COMPUTED_VALUE"""),2.4) -> 2.4 | V9: =IFERROR(__xludf.DUMMYFUNCTION("""COMPUTED_VALUE"""),0.0) -> 0 | W9: =IFERROR(__xludf.DUMMYFUNCTION("""COMPUTED_VALUE"""),2.62777777777777) -> 2.6277778 | X9: =IFERROR(__xludf.DUMMYFUNCTION("""COMPUTED_VALUE"""),0.668333333333333) -> 0.66833333 | Y9: =IFERROR(__xludf.DUMMYFUNCTION("""COMPUTED_VALUE"""),2.17999999999999) -> 2.18 | Z9: =IFERROR(__xludf.DUMMYFUNCTION("""COMPUTED_VALUE"""),0.208611111111111) -> 0.20861111 | AA9: =IFERROR(__xludf.DUMMYFUNCTION("""COMPUTED_VALUE"""),0.0) -> 0 | AB9: =IFERROR(__xludf.DUMMYFUNCTION("""COMPUTED_VALUE"""),2.17333333333333) -> 2.1733333 | AC9: =IFERROR(__xludf.DUMMYFUNCTION("""COMPUTED_VALUE"""),2.17333333333333) -> 2.1733333 | AD9: =IFERROR(__xludf.DUMMYFUNCTION("""COMPUTED_VALUE"""),0.645277777777777) -> 0.64527778 | AE9: =IFERROR(__xludf.DUMMYFUNCTION("""COMPUTED_VALUE"""),2.17333333333333) -> 2.1733333 | AF9: =IFERROR(__xludf.DUMMYFUNCTION("""COMPUTED_VALUE"""),13.0) -> 13
A10: =IFERROR(__xludf.DUMMYFUNCTION("""COMPUTED_VALUE"""),46153.0) -> 46153 | B10: =IFERROR(__xludf.DUMMYFUNCTION("""COMPUTED_VALUE"""),"641b6f77fd211e92df35a3bcbab67e6879e19a66") -> 641b6f77fd211e92df35a3bcbab67e6879e19a66 | C10: =IFERROR(__xludf.DUMMYFUNCTION("""COMPUTED_VALUE"""),"Mahagatha | महागाथा | Author - S. Mauryavanshi") -> Mahagatha | महागाथा | Author - S. Mauryavanshi | D10: =IFERROR(__xludf.DUMMYFUNCTION("""COMPUTED_VALUE"""),53.0) -> 53 | E10: =IFERROR(__xludf.DUMMYFUNCTION("""COMPUTED_VALUE"""),53.0) -> 53 | F10: =IFERROR(__xludf.DUMMYFUNCTION("""COMPUTED_VALUE"""),0.0) -> 0 | G10: =IFERROR(__xludf.DUMMYFUNCTION("""COMPUTED_VALUE"""),0.0) -> 0 | H10: =IFERROR(__xludf.DUMMYFUNCTION("""COMPUTED_VALUE"""),0.0) -> 0 | I10: =IFERROR(__xludf.DUMMYFUNCTION("""COMPUTED_VALUE"""),0.0) -> 0 | J10: =IFERROR(__xludf.DUMMYFUNCTION("""COMPUTED_VALUE"""),0.0) -> 0 | K10: =IFERROR(__xludf.DUMMYFUNCTION("""COMPUTED_VALUE"""),0.0) -> 0 | L10: =IFERROR(__xludf.DUMMYFUNCTION("""COMPUTED_VALUE"""),0.0) -> 0 | M10: =IFERROR(__xludf.DUMMYFUNCTION("""COMPUTED_VALUE"""),0.0) -> 0 | N10: =IFERROR(__xludf.DUMMYFUNCTION("""COMPUTED_VALUE"""),53.0) -> 53 | O10: =IFERROR(__xludf.DUMMYFUNCTION("""COMPUTED_VALUE"""),2.0) -> 2 | P10: =IFERROR(__xludf.DUMMYFUNCTION("""COMPUTED_VALUE"""),53.0) -> 53 | Q10: =IFERROR(__xludf.DUMMYFUNCTION("""COMPUTED_VALUE"""),0.0) -> 0 | R10: =IFERROR(__xludf.DUMMYFUNCTION("""COMPUTED_VALUE"""),164111.0) -> 164111 | S10: =IFERROR(__xludf.DUMMYFUNCTION("""COMPUTED_VALUE"""),164111.0) -> 164111 | T10: =IFERROR(__xludf.DUMMYFUNCTION("""COMPUTED_VALUE"""),0.0) -> 0 | U10: =IFERROR(__xludf.DUMMYFUNCTION("""COMPUTED_VALUE"""),0.0) -> 0 | V10: =IFERROR(__xludf.DUMMYFUNCTION("""COMPUTED_VALUE"""),0.0) -> 0 | W10: =IFERROR(__xludf.DUMMYFUNCTION("""COMPUTED_VALUE"""),0.0) -> 0 | X10: =IFERROR(__xludf.DUMMYFUNCTION("""COMPUTED_VALUE"""),0.0) -> 0 | Y10: =IFERROR(__xludf.DUMMYFUNCTION("""COMPUTED_VALUE"""),0.0) -> 0 | Z10: =IFERROR(__xludf.DUMMYFUNCTION("""COMPUTED_VALUE"""),0.0) -> 0 | AA10: =IFERROR(__xludf.DUMMYFUNCTION("""COMPUTED_VALUE"""),0.0) -> 0 | AB10: =IFERROR(__xludf.DUMMYFUNCTION("""COMPUTED_VALUE"""),0.0) -> 0 | AC10: =IFERROR(__xludf.DUMMYFUNCTION("""COMPUTED_VALUE"""),18.5247222222222) -> 18.524722 | AD10: =IFERROR(__xludf.DUMMYFUNCTION("""COMPUTED_VALUE"""),0.437222222222222) -> 0.43722222 | AE10: =IFERROR(__xludf.DUMMYFUNCTION("""COMPUTED_VALUE"""),18.5247222222222) -> 18.524722 | AF10: =IFERROR(__xludf.DUMMYFUNCTION("""COMPUTED_VALUE"""),0.0) -> 0
A11: =IFERROR(__xludf.DUMMYFUNCTION("""COMPUTED_VALUE"""),46153.0) -> 46153 | B11: =IFERROR(__xludf.DUMMYFUNCTION("""COMPUTED_VALUE"""),"661dba879cabc615ad2774813367b442a8ba7a6c") -> 661dba879cabc615ad2774813367b442a8ba7a6c | C11: =IFERROR(__xludf.DUMMYFUNCTION("""COMPUTED_VALUE"""),"My Devil Wife -Production Id") -> My Devil Wife -Production Id | D11: =IFERROR(__xludf.DUMMYFUNCTION("""COMPUTED_VALUE"""),3.0) -> 3 | E11: =IFERROR(__xludf.DUMMYFUNCTION("""COMPUTED_VALUE"""),14.0) -> 14 | F11: =IFERROR(__xludf.DUMMYFUNCTION("""COMPUTED_VALUE"""),0.0) -> 0 | G11: =IFERROR(__xludf.DUMMYFUNCTION("""COMPUTED_VALUE"""),0.0) -> 0 | H11: =IFERROR(__xludf.DUMMYFUNCTION("""COMPUTED_VALUE"""),0.0) -> 0 | I11: =IFERROR(__xludf.DUMMYFUNCTION("""COMPUTED_VALUE"""),0.0) -> 0 | J11: =IFERROR(__xludf.DUMMYFUNCTION("""COMPUTED_VALUE"""),0.0) -> 0 | K11: =IFERROR(__xludf.DUMMYFUNCTION("""COMPUTED_VALUE"""),0.0) -> 0 | L11: =IFERROR(__xludf.DUMMYFUNCTION("""COMPUTED_VALUE"""),0.0) -> 0 | M11: =IFERROR(__xludf.DUMMYFUNCTION("""COMPUTED_VALUE"""),0.0) -> 0 | ... Q11: =IFERROR(__xludf.DUMMYFUNCTION("""COMPUTED_VALUE"""),0.0) -> 0 | R11: =IFERROR(__xludf.DUMMYFUNCTION("""COMPUTED_VALUE"""),7096.0) -> 7096 | S11: =IFERROR(__xludf.DUMMYFUNCTION("""COMPUTED_VALUE"""),29853.0) -> 29853 | T11: =IFERROR(__xludf.DUMMYFUNCTION("""COMPUTED_VALUE"""),0.0) -> 0 | U11: =IFERROR(__xludf.DUMMYFUNCTION("""COMPUTED_VALUE"""),0.0) -> 0 | V11: =IFERROR(__xludf.DUMMYFUNCTION("""COMPUTED_VALUE"""),0.0) -> 0 | W11: =IFERROR(__xludf.DUMMYFUNCTION("""COMPUTED_VALUE"""),0.0) -> 0 | X11: =IFERROR(__xludf.DUMMYFUNCTION("""COMPUTED_VALUE"""),0.0) -> 0 | Y11: =IFERROR(__xludf.DUMMYFUNCTION("""COMPUTED_VALUE"""),0.0) -> 0 | Z11: =IFERROR(__xludf.DUMMYFUNCTION("""COMPUTED_VALUE"""),0.0) -> 0 | AA11: =IFERROR(__xludf.DUMMYFUNCTION("""COMPUTED_VALUE"""),0.0) -> 0 | ... AF11: =IFERROR(__xludf.DUMMYFUNCTION("""COMPUTED_VALUE"""),0.0) -> 0
A12: =IFERROR(__xludf.DUMMYFUNCTION("""COMPUTED_VALUE"""),46153.0) -> 46153 | B12: =IFERROR(__xludf.DUMMYFUNCTION("""COMPUTED_VALUE"""),"6867922e795be5da6320ef1d28567452800209ba") -> 6867922e795be5da6320ef1d28567452800209ba | C12: =IFERROR(__xludf.DUMMYFUNCTION("""COMPUTED_VALUE"""),"The Dimension God - Production Id") -> The Dimension God - Production Id | D12: =IFERROR(__xludf.DUMMYFUNCTION("""COMPUTED_VALUE"""),30.0) -> 30 | E12: =IFERROR(__xludf.DUMMYFUNCTION("""COMPUTED_VALUE"""),4.0) -> 4 | F12: =IFERROR(__xludf.DUMMYFUNCTION("""COMPUTED_VALUE"""),0.0) -> 0 | G12: =IFERROR(__xludf.DUMMYFUNCTION("""COMPUTED_VALUE"""),0.0) -> 0 | H12: =IFERROR(__xludf.DUMMYFUNCTION("""COMPUTED_VALUE"""),0.0) -> 0 | I12: =IFERROR(__xludf.DUMMYFUNCTION("""COMPUTED_VALUE"""),0.0) -> 0 | J12: =IFERROR(__xludf.DUMMYFUNCTION("""COMPUTED_VALUE"""),0.0) -> 0 | K12: =IFERROR(__xludf.DUMMYFUNCTION("""COMPUTED_VALUE"""),0.0) -> 0 | L12: =IFERROR(__xludf.DUMMYFUNCTION("""COMPUTED_VALUE"""),0.0) -> 0 | M12: =IFERROR(__xludf.DUMMYFUNCTION("""COMPUTED_VALUE"""),4.0) -> 4 | N12: =IFERROR(__xludf.DUMMYFUNCTION("""COMPUTED_VALUE"""),3.0) -> 3 | O12: =IFERROR(__xludf.DUMMYFUNCTION("""COMPUTED_VALUE"""),3.0) -> 3 | P12: =IFERROR(__xludf.DUMMYFUNCTION("""COMPUTED_VALUE"""),3.0) -> 3 | Q12: =IFERROR(__xludf.DUMMYFUNCTION("""COMPUTED_VALUE"""),0.0) -> 0 | R12: =IFERROR(__xludf.DUMMYFUNCTION("""COMPUTED_VALUE"""),69830.0) -> 69830 | S12: =IFERROR(__xludf.DUMMYFUNCTION("""COMPUTED_VALUE"""),10052.0) -> 10052 | T12: =IFERROR(__xludf.DUMMYFUNCTION("""COMPUTED_VALUE"""),0.257222222222222) -> 0.25722222 | U12: =IFERROR(__xludf.DUMMYFUNCTION("""COMPUTED_VALUE"""),0.0) -> 0 | V12: =IFERROR(__xludf.DUMMYFUNCTION("""COMPUTED_VALUE"""),0.0) -> 0 | W12: =IFERROR(__xludf.DUMMYFUNCTION("""COMPUTED_VALUE"""),0.0) -> 0 | X12: =IFERROR(__xludf.DUMMYFUNCTION("""COMPUTED_VALUE"""),0.0) -> 0 | Y12: =IFERROR(__xludf.DUMMYFUNCTION("""COMPUTED_VALUE"""),0.0) -> 0 | Z12: =IFERROR(__xludf.DUMMYFUNCTION("""COMPUTED_VALUE"""),0.0) -> 0 | AA12: =IFERROR(__xludf.DUMMYFUNCTION("""COMPUTED_VALUE"""),0.0) -> 0 | AB12: =IFERROR(__xludf.DUMMYFUNCTION("""COMPUTED_VALUE"""),1.01638888888888) -> 1.0163889 | AC12: =IFERROR(__xludf.DUMMYFUNCTION("""COMPUTED_VALUE"""),0.766944444444444) -> 0.76694444 | AD12: =IFERROR(__xludf.DUMMYFUNCTION("""COMPUTED_VALUE"""),0.790833333333333) -> 0.79083333 | AE12: =IFERROR(__xludf.DUMMYFUNCTION("""COMPUTED_VALUE"""),0.766944444444444) -> 0.76694444 | AF12: =IFERROR(__xludf.DUMMYFUNCTION("""COMPUTED_VALUE"""),1.0) -> 1
A13: =IFERROR(__xludf.DUMMYFUNCTION("""COMPUTED_VALUE"""),46153.0) -> 46153 | B13: =IFERROR(__xludf.DUMMYFUNCTION("""COMPUTED_VALUE"""),"773d29931b435627d0ca406e1ea1425e9a1dbcb6") -> 773d29931b435627d0ca406e1ea1425e9a1dbcb6 | C13: =IFERROR(__xludf.DUMMYFUNCTION("""COMPUTED_VALUE"""),"Mahagatha - Production") -> Mahagatha - Production | D13: =IFERROR(__xludf.DUMMYFUNCTION("""COMPUTED_VALUE"""),18.0) -> 18 | E13: =IFERROR(__xludf.DUMMYFUNCTION("""COMPUTED_VALUE"""),16.0) -> 16 | F13: =IFERROR(__xludf.DUMMYFUNCTION("""COMPUTED_VALUE"""),0.0) -> 0 | G13: =IFERROR(__xludf.DUMMYFUNCTION("""COMPUTED_VALUE"""),0.0) -> 0 | H13: =IFERROR(__xludf.DUMMYFUNCTION("""COMPUTED_VALUE"""),13.0) -> 13 | I13: =IFERROR(__xludf.DUMMYFUNCTION("""COMPUTED_VALUE"""),13.0) -> 13 | J13: =IFERROR(__xludf.DUMMYFUNCTION("""COMPUTED_VALUE"""),17.0) -> 17 | K13: =IFERROR(__xludf.DUMMYFUNCTION("""COMPUTED_VALUE"""),10.0) -> 10 | L13: =IFERROR(__xludf.DUMMYFUNCTION("""COMPUTED_VALUE"""),1.0) -> 1 | M13: =IFERROR(__xludf.DUMMYFUNCTION("""COMPUTED_VALUE"""),12.0) -> 12 | N13: =IFERROR(__xludf.DUMMYFUNCTION("""COMPUTED_VALUE"""),9.0) -> 9 | O13: =IFERROR(__xludf.DUMMYFUNCTION("""COMPUTED_VALUE"""),3.0) -> 3 | P13: =IFERROR(__xludf.DUMMYFUNCTION("""COMPUTED_VALUE"""),9.0) -> 9 | Q13: =IFERROR(__xludf.DUMMYFUNCTION("""COMPUTED_VALUE"""),0.0) -> 0 | R13: =IFERROR(__xludf.DUMMYFUNCTION("""COMPUTED_VALUE"""),52058.0) -> 52058 | S13: =IFERROR(__xludf.DUMMYFUNCTION("""COMPUTED_VALUE"""),43932.0) -> 43932 | T13: =IFERROR(__xludf.DUMMYFUNCTION("""COMPUTED_VALUE"""),3.43861111111111) -> 3.4386111 | U13: =IFERROR(__xludf.DUMMYFUNCTION("""COMPUTED_VALUE"""),0.0) -> 0 | V13: =IFERROR(__xludf.DUMMYFUNCTION("""COMPUTED_VALUE"""),0.0) -> 0 | W13: =IFERROR(__xludf.DUMMYFUNCTION("""COMPUTED_VALUE"""),2.97444444444444) -> 2.9744444 | X13: =IFERROR(__xludf.DUMMYFUNCTION("""COMPUTED_VALUE"""),2.97444444444444) -> 2.9744444 | Y13: =IFERROR(__xludf.DUMMYFUNCTION("""COMPUTED_VALUE"""),3.91694444444444) -> 3.9169444 | Z13: =IFERROR(__xludf.DUMMYFUNCTION("""COMPUTED_VALUE"""),2.30583333333333) -> 2.3058333 | AA13: =IFERROR(__xludf.DUMMYFUNCTION("""COMPUTED_VALUE"""),0.24) -> 0.24 | AB13: =IFERROR(__xludf.DUMMYFUNCTION("""COMPUTED_VALUE"""),2.74833333333333) -> 2.7483333 | AC13: =IFERROR(__xludf.DUMMYFUNCTION("""COMPUTED_VALUE"""),2.08055555555555) -> 2.0805556 | AD13: =IFERROR(__xludf.DUMMYFUNCTION("""COMPUTED_VALUE"""),0.693611111111111) -> 0.69361111 | AE13: =IFERROR(__xludf.DUMMYFUNCTION("""COMPUTED_VALUE"""),2.08055555555555) -> 2.0805556 | AF13: =IFERROR(__xludf.DUMMYFUNCTION("""COMPUTED_VALUE"""),15.0) -> 15
A14: =IFERROR(__xludf.DUMMYFUNCTION("""COMPUTED_VALUE"""),46153.0) -> 46153 | B14: =IFERROR(__xludf.DUMMYFUNCTION("""COMPUTED_VALUE"""),"7ea3277f02ef13c60cfa72336d009bf7ee6c17e8") -> 7ea3277f02ef13c60cfa72336d009bf7ee6c17e8 | C14: =IFERROR(__xludf.DUMMYFUNCTION("""COMPUTED_VALUE"""),"Saaya the Dark Love - Production Show_id") -> Saaya the Dark Love - Production Show_id | D14: =IFERROR(__xludf.DUMMYFUNCTION("""COMPUTED_VALUE"""),37.0) -> 37 | E14: =IFERROR(__xludf.DUMMYFUNCTION("""COMPUTED_VALUE"""),5.0) -> 5 | F14: =IFERROR(__xludf.DUMMYFUNCTION("""COMPUTED_VALUE"""),0.0) -> 0 | G14: =IFERROR(__xludf.DUMMYFUNCTION("""COMPUTED_VALUE"""),0.0) -> 0 | H14: =IFERROR(__xludf.DUMMYFUNCTION("""COMPUTED_VALUE"""),10.0) -> 10 | I14: =IFERROR(__xludf.DUMMYFUNCTION("""COMPUTED_VALUE"""),10.0) -> 10 | J14: =IFERROR(__xludf.DUMMYFUNCTION("""COMPUTED_VALUE"""),9.0) -> 9 | K14: =IFERROR(__xludf.DUMMYFUNCTION("""COMPUTED_VALUE"""),5.0) -> 5 | L14: =IFERROR(__xludf.DUMMYFUNCTION("""COMPUTED_VALUE"""),0.0) -> 0 | M14: =IFERROR(__xludf.DUMMYFUNCTION("""COMPUTED_VALUE"""),2.0) -> 2 | N14: =IFERROR(__xludf.DUMMYFUNCTION("""COMPUTED_VALUE"""),0.0) -> 0 | O14: =IFERROR(__xludf.DUMMYFUNCTION("""COMPUTED_VALUE"""),3.0) -> 3 | P14: =IFERROR(__xludf.DUMMYFUNCTION("""COMPUTED_VALUE"""),0.0) -> 0 | Q14: =IFERROR(__xludf.DUMMYFUNCTION("""COMPUTED_VALUE"""),0.0) -> 0 | R14: =IFERROR(__xludf.DUMMYFUNCTION("""COMPUTED_VALUE"""),75556.0) -> 75556 | S14: =IFERROR(__xludf.DUMMYFUNCTION("""COMPUTED_VALUE"""),10818.0) -> 10818 | T14: =IFERROR(__xludf.DUMMYFUNCTION("""COMPUTED_VALUE"""),0.820277777777777) -> 0.82027778 | U14: =IFERROR(__xludf.DUMMYFUNCTION("""COMPUTED_VALUE"""),0.0) -> 0 | V14: =IFERROR(__xludf.DUMMYFUNCTION("""COMPUTED_VALUE"""),0.0) -> 0 | W14: =IFERROR(__xludf.DUMMYFUNCTION("""COMPUTED_VALUE"""),2.0825) -> 2.0825 | X14: =IFERROR(__xludf.DUMMYFUNCTION("""COMPUTED_VALUE"""),2.0825) -> 2.0825 | Y14: =IFERROR(__xludf.DUMMYFUNCTION("""COMPUTED_VALUE"""),1.88055555555555) -> 1.8805556 | Z14: =IFERROR(__xludf.DUMMYFUNCTION("""COMPUTED_VALUE"""),1.0625) -> 1.0625 | AA14: =IFERROR(__xludf.DUMMYFUNCTION("""COMPUTED_VALUE"""),0.0) -> 0 | AB14: =IFERROR(__xludf.DUMMYFUNCTION("""COMPUTED_VALUE"""),0.385277777777777) -> 0.38527778 | AC14: =IFERROR(__xludf.DUMMYFUNCTION("""COMPUTED_VALUE"""),0.0) -> 0 | AD14: =IFERROR(__xludf.DUMMYFUNCTION("""COMPUTED_VALUE"""),0.718888888888888) -> 0.71888889 | AE14: =IFERROR(__xludf.DUMMYFUNCTION("""COMPUTED_VALUE"""),0.0) -> 0 | AF14: =IFERROR(__xludf.DUMMYFUNCTION("""COMPUTED_VALUE"""),4.0) -> 4
A15: =IFERROR(__xludf.DUMMYFUNCTION("""COMPUTED_VALUE"""),46153.0) -> 46153 | B15: =IFERROR(__xludf.DUMMYFUNCTION("""COMPUTED_VALUE"""),"859785ba4869b28dddcfcb0e75295d1e1ad9b5a9") -> 859785ba4869b28dddcfcb0e75295d1e1ad9b5a9 | C15: =IFERROR(__xludf.DUMMYFUNCTION("""COMPUTED_VALUE"""),"King of Dragon | किंग ऑफ ड्रैगन | Author - Nitesh") -> King of Dragon | किंग ऑफ ड्रैगन | Author - Nitesh | D15: =IFERROR(__xludf.DUMMYFUNCTION("""COMPUTED_VALUE"""),0.0) -> 0 | E15: =IFERROR(__xludf.DUMMYFUNCTION("""COMPUTED_VALUE"""),0.0) -> 0 | F15: =IFERROR(__xludf.DUMMYFUNCTION("""COMPUTED_VALUE"""),0.0) -> 0 | G15: =IFERROR(__xludf.DUMMYFUNCTION("""COMPUTED_VALUE"""),0.0) -> 0 | H15: =IFERROR(__xludf.DUMMYFUNCTION("""COMPUTED_VALUE"""),0.0) -> 0 | I15: =IFERROR(__xludf.DUMMYFUNCTION("""COMPUTED_VALUE"""),0.0) -> 0 | J15: =IFERROR(__xludf.DUMMYFUNCTION("""COMPUTED_VALUE"""),0.0) -> 0 | K15: =IFERROR(__xludf.DUMMYFUNCTION("""COMPUTED_VALUE"""),0.0) -> 0 | ... O15: =IFERROR(__xludf.DUMMYFUNCTION("""COMPUTED_VALUE"""),0.0) -> 0 | P15: =IFERROR(__xludf.DUMMYFUNCTION("""COMPUTED_VALUE"""),6.0) -> 6 | Q15: =IFERROR(__xludf.DUMMYFUNCTION("""COMPUTED_VALUE"""),0.0) -> 0 | R15: =IFERROR(__xludf.DUMMYFUNCTION("""COMPUTED_VALUE"""),0.0) -> 0 | S15: =IFERROR(__xludf.DUMMYFUNCTION("""COMPUTED_VALUE"""),0.0) -> 0 | T15: =IFERROR(__xludf.DUMMYFUNCTION("""COMPUTED_VALUE"""),0.0) -> 0 | U15: =IFERROR(__xludf.DUMMYFUNCTION("""COMPUTED_VALUE"""),0.0) -> 0 | V15: =IFERROR(__xludf.DUMMYFUNCTION("""COMPUTED_VALUE"""),0.0) -> 0 | W15: =IFERROR(__xludf.DUMMYFUNCTION("""COMPUTED_VALUE"""),0.0) -> 0 | X15: =IFERROR(__xludf.DUMMYFUNCTION("""COMPUTED_VALUE"""),0.0) -> 0 | ... AD15: =IFERROR(__xludf.DUMMYFUNCTION("""COMPUTED_VALUE"""),0.0) -> 0 | AE15: =IFERROR(__xludf.DUMMYFUNCTION("""COMPUTED_VALUE"""),1.62027777777777) -> 1.6202778 | AF15: =IFERROR(__xludf.DUMMYFUNCTION("""COMPUTED_VALUE"""),0.0) -> 0
A16: =IFERROR(__xludf.DUMMYFUNCTION("""COMPUTED_VALUE"""),46153.0) -> 46153 | B16: =IFERROR(__xludf.DUMMYFUNCTION("""COMPUTED_VALUE"""),"96f1f89e4494e06fb7f9e3c4645563fa62ef9320") -> 96f1f89e4494e06fb7f9e3c4645563fa62ef9320 | C16: =IFERROR(__xludf.DUMMYFUNCTION("""COMPUTED_VALUE"""),"King of Dragon - Production Show_id") -> King of Dragon - Production Show_id | D16: =IFERROR(__xludf.DUMMYFUNCTION("""COMPUTED_VALUE"""),10.0) -> 10 | E16: =IFERROR(__xludf.DUMMYFUNCTION("""COMPUTED_VALUE"""),8.0) -> 8 | F16: =IFERROR(__xludf.DUMMYFUNCTION("""COMPUTED_VALUE"""),8.0) -> 8 | G16: =IFERROR(__xludf.DUMMYFUNCTION("""COMPUTED_VALUE"""),10.0) -> 10 | H16: =IFERROR(__xludf.DUMMYFUNCTION("""COMPUTED_VALUE"""),10.0) -> 10 | I16: =IFERROR(__xludf.DUMMYFUNCTION("""COMPUTED_VALUE"""),0.0) -> 0 | J16: =IFERROR(__xludf.DUMMYFUNCTION("""COMPUTED_VALUE"""),10.0) -> 10 | K16: =IFERROR(__xludf.DUMMYFUNCTION("""COMPUTED_VALUE"""),2.0) -> 2 | L16: =IFERROR(__xludf.DUMMYFUNCTION("""COMPUTED_VALUE"""),1.0) -> 1 | M16: =IFERROR(__xludf.DUMMYFUNCTION("""COMPUTED_VALUE"""),10.0) -> 10 | N16: =IFERROR(__xludf.DUMMYFUNCTION("""COMPUTED_VALUE"""),4.0) -> 4 | O16: =IFERROR(__xludf.DUMMYFUNCTION("""COMPUTED_VALUE"""),3.0) -> 3 | P16: =IFERROR(__xludf.DUMMYFUNCTION("""COMPUTED_VALUE"""),4.0) -> 4 | Q16: =IFERROR(__xludf.DUMMYFUNCTION("""COMPUTED_VALUE"""),0.0) -> 0 | R16: =IFERROR(__xludf.DUMMYFUNCTION("""COMPUTED_VALUE"""),24505.0) -> 24505 | S16: =IFERROR(__xludf.DUMMYFUNCTION("""COMPUTED_VALUE"""),19251.0) -> 19251 | T16: =IFERROR(__xludf.DUMMYFUNCTION("""COMPUTED_VALUE"""),2.56805555555555) -> 2.5680556 | U16: =IFERROR(__xludf.DUMMYFUNCTION("""COMPUTED_VALUE"""),2.12944444444444) -> 2.1294444 | V16: =IFERROR(__xludf.DUMMYFUNCTION("""COMPUTED_VALUE"""),2.62416666666666) -> 2.6241667 | W16: =IFERROR(__xludf.DUMMYFUNCTION("""COMPUTED_VALUE"""),2.62416666666666) -> 2.6241667 | X16: =IFERROR(__xludf.DUMMYFUNCTION("""COMPUTED_VALUE"""),0.0) -> 0 | Y16: =IFERROR(__xludf.DUMMYFUNCTION("""COMPUTED_VALUE"""),2.62416666666666) -> 2.6241667 | Z16: =IFERROR(__xludf.DUMMYFUNCTION("""COMPUTED_VALUE"""),0.486666666666666) -> 0.48666667 | AA16: =IFERROR(__xludf.DUMMYFUNCTION("""COMPUTED_VALUE"""),0.246666666666666) -> 0.24666667 | AB16: =IFERROR(__xludf.DUMMYFUNCTION("""COMPUTED_VALUE"""),2.62416666666666) -> 2.6241667 | AC16: =IFERROR(__xludf.DUMMYFUNCTION("""COMPUTED_VALUE"""),1.04388888888888) -> 1.0438889 | AD16: =IFERROR(__xludf.DUMMYFUNCTION("""COMPUTED_VALUE"""),0.911944444444444) -> 0.91194444 | AE16: =IFERROR(__xludf.DUMMYFUNCTION("""COMPUTED_VALUE"""),1.04388888888888) -> 1.0438889 | AF16: =IFERROR(__xludf.DUMMYFUNCTION("""COMPUTED_VALUE"""),10.0) -> 10
A17: =IFERROR(__xludf.DUMMYFUNCTION("""COMPUTED_VALUE"""),46153.0) -> 46153 | B17: =IFERROR(__xludf.DUMMYFUNCTION("""COMPUTED_VALUE"""),"9afaea00813dcb4fc57a46df70a2e3e1066af919") -> 9afaea00813dcb4fc57a46df70a2e3e1066af919 | C17: =IFERROR(__xludf.DUMMYFUNCTION("""COMPUTED_VALUE"""),"My Millionaire System") -> My Millionaire System | D17: =IFERROR(__xludf.DUMMYFUNCTION("""COMPUTED_VALUE"""),15.0) -> 15 | E17: =IFERROR(__xludf.DUMMYFUNCTION("""COMPUTED_VALUE"""),9.0) -> 9 | F17: =IFERROR(__xludf.DUMMYFUNCTION("""COMPUTED_VALUE"""),8.0) -> 8 | G17: =IFERROR(__xludf.DUMMYFUNCTION("""COMPUTED_VALUE"""),3.0) -> 3 | H17: =IFERROR(__xludf.DUMMYFUNCTION("""COMPUTED_VALUE"""),11.0) -> 11 | I17: =IFERROR(__xludf.DUMMYFUNCTION("""COMPUTED_VALUE"""),8.0) -> 8 | J17: =IFERROR(__xludf.DUMMYFUNCTION("""COMPUTED_VALUE"""),11.0) -> 11 | K17: =IFERROR(__xludf.DUMMYFUNCTION("""COMPUTED_VALUE"""),3.0) -> 3 | L17: =IFERROR(__xludf.DUMMYFUNCTION("""COMPUTED_VALUE"""),1.0) -> 1 | M17: =IFERROR(__xludf.DUMMYFUNCTION("""COMPUTED_VALUE"""),14.0) -> 14 | N17: =IFERROR(__xludf.DUMMYFUNCTION("""COMPUTED_VALUE"""),7.0) -> 7 | O17: =IFERROR(__xludf.DUMMYFUNCTION("""COMPUTED_VALUE"""),3.0) -> 3 | P17: =IFERROR(__xludf.DUMMYFUNCTION("""COMPUTED_VALUE"""),7.0) -> 7 | Q17: =IFERROR(__xludf.DUMMYFUNCTION("""COMPUTED_VALUE"""),0.0) -> 0 | R17: =IFERROR(__xludf.DUMMYFUNCTION("""COMPUTED_VALUE"""),24918.0) -> 24918 | S17: =IFERROR(__xludf.DUMMYFUNCTION("""COMPUTED_VALUE"""),18176.0) -> 18176 | T17: =IFERROR(__xludf.DUMMYFUNCTION("""COMPUTED_VALUE"""),1.94694444444444) -> 1.9469444 | U17: =IFERROR(__xludf.DUMMYFUNCTION("""COMPUTED_VALUE"""),1.78416666666666) -> 1.7841667 | V17: =IFERROR(__xludf.DUMMYFUNCTION("""COMPUTED_VALUE"""),0.725277777777777) -> 0.72527778 | W17: =IFERROR(__xludf.DUMMYFUNCTION("""COMPUTED_VALUE"""),2.46111111111111) -> 2.4611111 | X17: =IFERROR(__xludf.DUMMYFUNCTION("""COMPUTED_VALUE"""),1.73583333333333) -> 1.7358333 | Y17: =IFERROR(__xludf.DUMMYFUNCTION("""COMPUTED_VALUE"""),2.53) -> 2.53 | Z17: =IFERROR(__xludf.DUMMYFUNCTION("""COMPUTED_VALUE"""),0.714166666666666) -> 0.71416667 | AA17: =IFERROR(__xludf.DUMMYFUNCTION("""COMPUTED_VALUE"""),0.249444444444444) -> 0.24944444 | AB17: =IFERROR(__xludf.DUMMYFUNCTION("""COMPUTED_VALUE"""),3.20833333333333) -> 3.2083333 | AC17: =IFERROR(__xludf.DUMMYFUNCTION("""COMPUTED_VALUE"""),1.68527777777777) -> 1.6852778 | AD17: =IFERROR(__xludf.DUMMYFUNCTION("""COMPUTED_VALUE"""),0.590833333333333) -> 0.59083333 | AE17: =IFERROR(__xludf.DUMMYFUNCTION("""COMPUTED_VALUE"""),1.68527777777777) -> 1.6852778 | AF17: =IFERROR(__xludf.DUMMYFUNCTION("""COMPUTED_VALUE"""),10.0) -> 10
A18: =IFERROR(__xludf.DUMMYFUNCTION("""COMPUTED_VALUE"""),46153.0) -> 46153 | B18: =IFERROR(__xludf.DUMMYFUNCTION("""COMPUTED_VALUE"""),"a3ba65aa427077188e1ad7dbcbcafae266683ca9") -> a3ba65aa427077188e1ad7dbcbcafae266683ca9 | C18: =IFERROR(__xludf.DUMMYFUNCTION("""COMPUTED_VALUE"""),"The Warrior | Author - Dayaram Prajapati") -> The Warrior | Author - Dayaram Prajapati | D18: =IFERROR(__xludf.DUMMYFUNCTION("""COMPUTED_VALUE"""),23.0) -> 23 | E18: =IFERROR(__xludf.DUMMYFUNCTION("""COMPUTED_VALUE"""),18.0) -> 18 | F18: =IFERROR(__xludf.DUMMYFUNCTION("""COMPUTED_VALUE"""),0.0) -> 0 | G18: =IFERROR(__xludf.DUMMYFUNCTION("""COMPUTED_VALUE"""),0.0) -> 0 | H18: =IFERROR(__xludf.DUMMYFUNCTION("""COMPUTED_VALUE"""),0.0) -> 0 | I18: =IFERROR(__xludf.DUMMYFUNCTION("""COMPUTED_VALUE"""),0.0) -> 0 | J18: =IFERROR(__xludf.DUMMYFUNCTION("""COMPUTED_VALUE"""),0.0) -> 0 | K18: =IFERROR(__xludf.DUMMYFUNCTION("""COMPUTED_VALUE"""),0.0) -> 0 | L18: =IFERROR(__xludf.DUMMYFUNCTION("""COMPUTED_VALUE"""),0.0) -> 0 | M18: =IFERROR(__xludf.DUMMYFUNCTION("""COMPUTED_VALUE"""),23.0) -> 23 | N18: =IFERROR(__xludf.DUMMYFUNCTION("""COMPUTED_VALUE"""),18.0) -> 18 | O18: =IFERROR(__xludf.DUMMYFUNCTION("""COMPUTED_VALUE"""),3.0) -> 3 | P18: =IFERROR(__xludf.DUMMYFUNCTION("""COMPUTED_VALUE"""),18.0) -> 18 | Q18: =IFERROR(__xludf.DUMMYFUNCTION("""COMPUTED_VALUE"""),0.0) -> 0 | R18: =IFERROR(__xludf.DUMMYFUNCTION("""COMPUTED_VALUE"""),60262.0) -> 60262 | S18: =IFERROR(__xludf.DUMMYFUNCTION("""COMPUTED_VALUE"""),47369.0) -> 47369 | T18: =IFERROR(__xludf.DUMMYFUNCTION("""COMPUTED_VALUE"""),0.0) -> 0 | U18: =IFERROR(__xludf.DUMMYFUNCTION("""COMPUTED_VALUE"""),0.0) -> 0 | V18: =IFERROR(__xludf.DUMMYFUNCTION("""COMPUTED_VALUE"""),0.0) -> 0 | W18: =IFERROR(__xludf.DUMMYFUNCTION("""COMPUTED_VALUE"""),0.0) -> 0 | X18: =IFERROR(__xludf.DUMMYFUNCTION("""COMPUTED_VALUE"""),0.0) -> 0 | Y18: =IFERROR(__xludf.DUMMYFUNCTION("""COMPUTED_VALUE"""),0.0) -> 0 | Z18: =IFERROR(__xludf.DUMMYFUNCTION("""COMPUTED_VALUE"""),0.0) -> 0 | AA18: =IFERROR(__xludf.DUMMYFUNCTION("""COMPUTED_VALUE"""),0.0) -> 0 | AB18: =IFERROR(__xludf.DUMMYFUNCTION("""COMPUTED_VALUE"""),6.25861111111111) -> 6.2586111 | AC18: =IFERROR(__xludf.DUMMYFUNCTION("""COMPUTED_VALUE"""),4.87027777777777) -> 4.8702778 | AD18: =IFERROR(__xludf.DUMMYFUNCTION("""COMPUTED_VALUE"""),0.756666666666666) -> 0.75666667 | AE18: =IFERROR(__xludf.DUMMYFUNCTION("""COMPUTED_VALUE"""),4.87027777777777) -> 4.8702778 | AF18: =IFERROR(__xludf.DUMMYFUNCTION("""COMPUTED_VALUE"""),0.0) -> 0
A19: =IFERROR(__xludf.DUMMYFUNCTION("""COMPUTED_VALUE"""),46153.0) -> 46153 | B19: =IFERROR(__xludf.DUMMYFUNCTION("""COMPUTED_VALUE"""),"aa81f1feb820ed6f22bd7b22b55890db740929cb") -> aa81f1feb820ed6f22bd7b22b55890db740929cb | C19: =IFERROR(__xludf.DUMMYFUNCTION("""COMPUTED_VALUE"""),"Shunya Samrat") -> Shunya Samrat | D19: =IFERROR(__xludf.DUMMYFUNCTION("""COMPUTED_VALUE"""),0.0) -> 0 | E19: =IFERROR(__xludf.DUMMYFUNCTION("""COMPUTED_VALUE"""),0.0) -> 0 | F19: =IFERROR(__xludf.DUMMYFUNCTION("""COMPUTED_VALUE"""),0.0) -> 0 | G19: =IFERROR(__xludf.DUMMYFUNCTION("""COMPUTED_VALUE"""),0.0) -> 0 | H19: =IFERROR(__xludf.DUMMYFUNCTION("""COMPUTED_VALUE"""),0.0) -> 0 | I19: =IFERROR(__xludf.DUMMYFUNCTION("""COMPUTED_VALUE"""),0.0) -> 0 | J19: =IFERROR(__xludf.DUMMYFUNCTION("""COMPUTED_VALUE"""),0.0) -> 0 | K19: =IFERROR(__xludf.DUMMYFUNCTION("""COMPUTED_VALUE"""),0.0) -> 0 | ... M19: =IFERROR(__xludf.DUMMYFUNCTION("""COMPUTED_VALUE"""),0.0) -> 0 | N19: =IFERROR(__xludf.DUMMYFUNCTION("""COMPUTED_VALUE"""),30.0) -> 30 | O19: =IFERROR(__xludf.DUMMYFUNCTION("""COMPUTED_VALUE"""),3.0) -> 3 | P19: =IFERROR(__xludf.DUMMYFUNCTION("""COMPUTED_VALUE"""),30.0) -> 30 | Q19: =IFERROR(__xludf.DUMMYFUNCTION("""COMPUTED_VALUE"""),0.0) -> 0 | R19: =IFERROR(__xludf.DUMMYFUNCTION("""COMPUTED_VALUE"""),0.0) -> 0 | S19: =IFERROR(__xludf.DUMMYFUNCTION("""COMPUTED_VALUE"""),0.0) -> 0 | T19: =IFERROR(__xludf.DUMMYFUNCTION("""COMPUTED_VALUE"""),0.0) -> 0 | U19: =IFERROR(__xludf.DUMMYFUNCTION("""COMPUTED_VALUE"""),0.0) -> 0 | V19: =IFERROR(__xludf.DUMMYFUNCTION("""COMPUTED_VALUE"""),0.0) -> 0 | W19: =IFERROR(__xludf.DUMMYFUNCTION("""COMPUTED_VALUE"""),0.0) -> 0 | X19: =IFERROR(__xludf.DUMMYFUNCTION("""COMPUTED_VALUE"""),0.0) -> 0 | ... AB19: =IFERROR(__xludf.DUMMYFUNCTION("""COMPUTED_VALUE"""),0.0) -> 0 | AC19: =IFERROR(__xludf.DUMMYFUNCTION("""COMPUTED_VALUE"""),12.1919444444444) -> 12.191944 | AD19: =IFERROR(__xludf.DUMMYFUNCTION("""COMPUTED_VALUE"""),0.610555555555555) -> 0.61055556 | AE19: =IFERROR(__xludf.DUMMYFUNCTION("""COMPUTED_VALUE"""),12.1919444444444) -> 12.191944 | AF19: =IFERROR(__xludf.DUMMYFUNCTION("""COMPUTED_VALUE"""),0.0) -> 0
A20: =IFERROR(__xludf.DUMMYFUNCTION("""COMPUTED_VALUE"""),46153.0) -> 46153 | B20: =IFERROR(__xludf.DUMMYFUNCTION("""COMPUTED_VALUE"""),"aab7b2fa6301b585dcebf9ec60cf4371307ad469") -> aab7b2fa6301b585dcebf9ec60cf4371307ad469 | C20: =IFERROR(__xludf.DUMMYFUNCTION("""COMPUTED_VALUE"""),"Tere Ishq Mein (OBH) - Production Show_id") -> Tere Ishq Mein (OBH) - Production Show_id | D20: =IFERROR(__xludf.DUMMYFUNCTION("""COMPUTED_VALUE"""),23.0) -> 23 | E20: =IFERROR(__xludf.DUMMYFUNCTION("""COMPUTED_VALUE"""),28.0) -> 28 | F20: =IFERROR(__xludf.DUMMYFUNCTION("""COMPUTED_VALUE"""),14.0) -> 14 | G20: =IFERROR(__xludf.DUMMYFUNCTION("""COMPUTED_VALUE"""),11.0) -> 11 | H20: =IFERROR(__xludf.DUMMYFUNCTION("""COMPUTED_VALUE"""),11.0) -> 11 | I20: =IFERROR(__xludf.DUMMYFUNCTION("""COMPUTED_VALUE"""),0.0) -> 0 | J20: =IFERROR(__xludf.DUMMYFUNCTION("""COMPUTED_VALUE"""),11.0) -> 11 | K20: =IFERROR(__xludf.DUMMYFUNCTION("""COMPUTED_VALUE"""),1.0) -> 1 | L20: =IFERROR(__xludf.DUMMYFUNCTION("""COMPUTED_VALUE"""),0.0) -> 0 | M20: =IFERROR(__xludf.DUMMYFUNCTION("""COMPUTED_VALUE"""),9.0) -> 9 | N20: =IFERROR(__xludf.DUMMYFUNCTION("""COMPUTED_VALUE"""),15.0) -> 15 | O20: =IFERROR(__xludf.DUMMYFUNCTION("""COMPUTED_VALUE"""),3.0) -> 3 | P20: =IFERROR(__xludf.DUMMYFUNCTION("""COMPUTED_VALUE"""),15.0) -> 15 | Q20: =IFERROR(__xludf.DUMMYFUNCTION("""COMPUTED_VALUE"""),0.0) -> 0 | R20: =IFERROR(__xludf.DUMMYFUNCTION("""COMPUTED_VALUE"""),47833.0) -> 47833 | S20: =IFERROR(__xludf.DUMMYFUNCTION("""COMPUTED_VALUE"""),61321.0) -> 61321 | T20: =IFERROR(__xludf.DUMMYFUNCTION("""COMPUTED_VALUE"""),4.61861111111111) -> 4.6186111 | U20: =IFERROR(__xludf.DUMMYFUNCTION("""COMPUTED_VALUE"""),3.46277777777777) -> 3.4627778 | V20: =IFERROR(__xludf.DUMMYFUNCTION("""COMPUTED_VALUE"""),2.70333333333333) -> 2.7033333 | W20: =IFERROR(__xludf.DUMMYFUNCTION("""COMPUTED_VALUE"""),2.70333333333333) -> 2.7033333 | X20: =IFERROR(__xludf.DUMMYFUNCTION("""COMPUTED_VALUE"""),0.0) -> 0 | Y20: =IFERROR(__xludf.DUMMYFUNCTION("""COMPUTED_VALUE"""),2.70333333333333) -> 2.7033333 | Z20: =IFERROR(__xludf.DUMMYFUNCTION("""COMPUTED_VALUE"""),0.238611111111111) -> 0.23861111 | AA20: =IFERROR(__xludf.DUMMYFUNCTION("""COMPUTED_VALUE"""),0.0) -> 0 | AB20: =IFERROR(__xludf.DUMMYFUNCTION("""COMPUTED_VALUE"""),2.26694444444444) -> 2.2669444 | AC20: =IFERROR(__xludf.DUMMYFUNCTION("""COMPUTED_VALUE"""),3.68555555555555) -> 3.6855556 | AD20: =IFERROR(__xludf.DUMMYFUNCTION("""COMPUTED_VALUE"""),0.686111111111111) -> 0.68611111 | AE20: =IFERROR(__xludf.DUMMYFUNCTION("""COMPUTED_VALUE"""),3.68555555555555) -> 3.6855556 | AF20: =IFERROR(__xludf.DUMMYFUNCTION("""COMPUTED_VALUE"""),18.0) -> 18
A21: =IFERROR(__xludf.DUMMYFUNCTION("""COMPUTED_VALUE"""),46153.0) -> 46153 | B21: =IFERROR(__xludf.DUMMYFUNCTION("""COMPUTED_VALUE"""),"b9727274f880f47671ad54caad4904a491fad9c7") -> b9727274f880f47671ad54caad4904a491fad9c7 | C21: =IFERROR(__xludf.DUMMYFUNCTION("""COMPUTED_VALUE"""),"Brahmand Ka Rakshak - Production Show") -> Brahmand Ka Rakshak - Production Show | D21: =IFERROR(__xludf.DUMMYFUNCTION("""COMPUTED_VALUE"""),11.0) -> 11 | E21: =IFERROR(__xludf.DUMMYFUNCTION("""COMPUTED_VALUE"""),32.0) -> 32 | F21: =IFERROR(__xludf.DUMMYFUNCTION("""COMPUTED_VALUE"""),16.0) -> 16 | G21: =IFERROR(__xludf.DUMMYFUNCTION("""COMPUTED_VALUE"""),10.0) -> 10 | H21: =IFERROR(__xludf.DUMMYFUNCTION("""COMPUTED_VALUE"""),13.0) -> 13 | I21: =IFERROR(__xludf.DUMMYFUNCTION("""COMPUTED_VALUE"""),3.0) -> 3 | J21: =IFERROR(__xludf.DUMMYFUNCTION("""COMPUTED_VALUE"""),11.0) -> 11 | K21: =IFERROR(__xludf.DUMMYFUNCTION("""COMPUTED_VALUE"""),2.0) -> 2 | L21: =IFERROR(__xludf.DUMMYFUNCTION("""COMPUTED_VALUE"""),0.0) -> 0 | M21: =IFERROR(__xludf.DUMMYFUNCTION("""COMPUTED_VALUE"""),10.0) -> 10 | N21: =IFERROR(__xludf.DUMMYFUNCTION("""COMPUTED_VALUE"""),3.0) -> 3 | O21: =IFERROR(__xludf.DUMMYFUNCTION("""COMPUTED_VALUE"""),3.0) -> 3 | P21: =IFERROR(__xludf.DUMMYFUNCTION("""COMPUTED_VALUE"""),3.0) -> 3 | Q21: =IFERROR(__xludf.DUMMYFUNCTION("""COMPUTED_VALUE"""),0.0) -> 0 | R21: =IFERROR(__xludf.DUMMYFUNCTION("""COMPUTED_VALUE"""),26730.0) -> 26730 | S21: =IFERROR(__xludf.DUMMYFUNCTION("""COMPUTED_VALUE"""),68514.0) -> 68514 | T21: =IFERROR(__xludf.DUMMYFUNCTION("""COMPUTED_VALUE"""),4.02666666666666) -> 4.0266667 | U21: =IFERROR(__xludf.DUMMYFUNCTION("""COMPUTED_VALUE"""),2.78222222222222) -> 2.7822222 | V21: =IFERROR(__xludf.DUMMYFUNCTION("""COMPUTED_VALUE"""),1.78472222222222) -> 1.7847222 | W21: =IFERROR(__xludf.DUMMYFUNCTION("""COMPUTED_VALUE"""),2.34111111111111) -> 2.3411111 | X21: =IFERROR(__xludf.DUMMYFUNCTION("""COMPUTED_VALUE"""),0.556388888888888) -> 0.55638889 | Y21: =IFERROR(__xludf.DUMMYFUNCTION("""COMPUTED_VALUE"""),1.95583333333333) -> 1.9558333 | Z21: =IFERROR(__xludf.DUMMYFUNCTION("""COMPUTED_VALUE"""),0.347777777777777) -> 0.34777778 | AA21: =IFERROR(__xludf.DUMMYFUNCTION("""COMPUTED_VALUE"""),0.0) -> 0 | AB21: =IFERROR(__xludf.DUMMYFUNCTION("""COMPUTED_VALUE"""),1.78305555555555) -> 1.7830556 | AC21: =IFERROR(__xludf.DUMMYFUNCTION("""COMPUTED_VALUE"""),0.626111111111111) -> 0.62611111 | AD21: =IFERROR(__xludf.DUMMYFUNCTION("""COMPUTED_VALUE"""),0.564166666666666) -> 0.56416667 | AE21: =IFERROR(__xludf.DUMMYFUNCTION("""COMPUTED_VALUE"""),0.626111111111111) -> 0.62611111 | AF21: =IFERROR(__xludf.DUMMYFUNCTION("""COMPUTED_VALUE"""),23.0) -> 23
A22: =IFERROR(__xludf.DUMMYFUNCTION("""COMPUTED_VALUE"""),46153.0) -> 46153 | B22: =IFERROR(__xludf.DUMMYFUNCTION("""COMPUTED_VALUE"""),"bb6f447c782519839d8793fda0d35f90bad4421a") -> bb6f447c782519839d8793fda0d35f90bad4421a | C22: =IFERROR(__xludf.DUMMYFUNCTION("""COMPUTED_VALUE"""),"Ruthless") -> Ruthless | D22: =IFERROR(__xludf.DUMMYFUNCTION("""COMPUTED_VALUE"""),0.0) -> 0 | E22: =IFERROR(__xludf.DUMMYFUNCTION("""COMPUTED_VALUE"""),1.0) -> 1 | F22: =IFERROR(__xludf.DUMMYFUNCTION("""COMPUTED_VALUE"""),0.0) -> 0 | G22: =IFERROR(__xludf.DUMMYFUNCTION("""COMPUTED_VALUE"""),0.0) -> 0 | H22: =IFERROR(__xludf.DUMMYFUNCTION("""COMPUTED_VALUE"""),5.0) -> 5 | I22: =IFERROR(__xludf.DUMMYFUNCTION("""COMPUTED_VALUE"""),5.0) -> 5 | J22: =IFERROR(__xludf.DUMMYFUNCTION("""COMPUTED_VALUE"""),5.0) -> 5 | K22: =IFERROR(__xludf.DUMMYFUNCTION("""COMPUTED_VALUE"""),1.0) -> 1 | L22: =IFERROR(__xludf.DUMMYFUNCTION("""COMPUTED_VALUE"""),0.0) -> 0 | M22: =IFERROR(__xludf.DUMMYFUNCTION("""COMPUTED_VALUE"""),4.0) -> 4 | N22: =IFERROR(__xludf.DUMMYFUNCTION("""COMPUTED_VALUE"""),3.0) -> 3 | O22: =IFERROR(__xludf.DUMMYFUNCTION("""COMPUTED_VALUE"""),3.0) -> 3 | P22: =IFERROR(__xludf.DUMMYFUNCTION("""COMPUTED_VALUE"""),3.0) -> 3 | Q22: =IFERROR(__xludf.DUMMYFUNCTION("""COMPUTED_VALUE"""),0.0) -> 0 | R22: =IFERROR(__xludf.DUMMYFUNCTION("""COMPUTED_VALUE"""),0.0) -> 0 | S22: =IFERROR(__xludf.DUMMYFUNCTION("""COMPUTED_VALUE"""),1964.0) -> 1964 | T22: =IFERROR(__xludf.DUMMYFUNCTION("""COMPUTED_VALUE"""),1.54527777777777) -> 1.5452778 | U22: =IFERROR(__xludf.DUMMYFUNCTION("""COMPUTED_VALUE"""),0.0) -> 0 | V22: =IFERROR(__xludf.DUMMYFUNCTION("""COMPUTED_VALUE"""),0.0) -> 0 | W22: =IFERROR(__xludf.DUMMYFUNCTION("""COMPUTED_VALUE"""),0.956111111111111) -> 0.95611111 | X22: =IFERROR(__xludf.DUMMYFUNCTION("""COMPUTED_VALUE"""),0.956111111111111) -> 0.95611111 | Y22: =IFERROR(__xludf.DUMMYFUNCTION("""COMPUTED_VALUE"""),0.977777777777777) -> 0.97777778 | Z22: =IFERROR(__xludf.DUMMYFUNCTION("""COMPUTED_VALUE"""),0.201388888888888) -> 0.20138889 | AA22: =IFERROR(__xludf.DUMMYFUNCTION("""COMPUTED_VALUE"""),0.0) -> 0 | AB22: =IFERROR(__xludf.DUMMYFUNCTION("""COMPUTED_VALUE"""),0.817222222222222) -> 0.81722222 | AC22: =IFERROR(__xludf.DUMMYFUNCTION("""COMPUTED_VALUE"""),0.632777777777777) -> 0.63277778 | AD22: =IFERROR(__xludf.DUMMYFUNCTION("""COMPUTED_VALUE"""),0.656666666666666) -> 0.65666667 | AE22: =IFERROR(__xludf.DUMMYFUNCTION("""COMPUTED_VALUE"""),0.632777777777777) -> 0.63277778 | AF22: =IFERROR(__xludf.DUMMYFUNCTION("""COMPUTED_VALUE"""),8.0) -> 8
A23: =IFERROR(__xludf.DUMMYFUNCTION("""COMPUTED_VALUE"""),46153.0) -> 46153 | B23: =IFERROR(__xludf.DUMMYFUNCTION("""COMPUTED_VALUE"""),"c6ddafe0c1c28e76700ec68e65063945a05ee155") -> c6ddafe0c1c28e76700ec68e65063945a05ee155 | C23: =IFERROR(__xludf.DUMMYFUNCTION("""COMPUTED_VALUE"""),"Reborn to Rule Production Show_id") -> Reborn to Rule Production Show_id | D23: =IFERROR(__xludf.DUMMYFUNCTION("""COMPUTED_VALUE"""),6.0) -> 6 | E23: =IFERROR(__xludf.DUMMYFUNCTION("""COMPUTED_VALUE"""),3.0) -> 3 | F23: =IFERROR(__xludf.DUMMYFUNCTION("""COMPUTED_VALUE"""),0.0) -> 0 | G23: =IFERROR(__xludf.DUMMYFUNCTION("""COMPUTED_VALUE"""),0.0) -> 0 | H23: =IFERROR(__xludf.DUMMYFUNCTION("""COMPUTED_VALUE"""),0.0) -> 0 | I23: =IFERROR(__xludf.DUMMYFUNCTION("""COMPUTED_VALUE"""),0.0) -> 0 | J23: =IFERROR(__xludf.DUMMYFUNCTION("""COMPUTED_VALUE"""),0.0) -> 0 | K23: =IFERROR(__xludf.DUMMYFUNCTION("""COMPUTED_VALUE"""),0.0) -> 0 | L23: =IFERROR(__xludf.DUMMYFUNCTION("""COMPUTED_VALUE"""),0.0) -> 0 | M23: =IFERROR(__xludf.DUMMYFUNCTION("""COMPUTED_VALUE"""),3.0) -> 3 | N23: =IFERROR(__xludf.DUMMYFUNCTION("""COMPUTED_VALUE"""),0.0) -> 0 | O23: =IFERROR(__xludf.DUMMYFUNCTION("""COMPUTED_VALUE"""),2.0) -> 2 | P23: =IFERROR(__xludf.DUMMYFUNCTION("""COMPUTED_VALUE"""),0.0) -> 0 | Q23: =IFERROR(__xludf.DUMMYFUNCTION("""COMPUTED_VALUE"""),0.0) -> 0 | R23: =IFERROR(__xludf.DUMMYFUNCTION("""COMPUTED_VALUE"""),13415.0) -> 13415 | S23: =IFERROR(__xludf.DUMMYFUNCTION("""COMPUTED_VALUE"""),7056.0) -> 7056 | T23: =IFERROR(__xludf.DUMMYFUNCTION("""COMPUTED_VALUE"""),0.834166666666666) -> 0.83416667 | U23: =IFERROR(__xludf.DUMMYFUNCTION("""COMPUTED_VALUE"""),0.0) -> 0 | V23: =IFERROR(__xludf.DUMMYFUNCTION("""COMPUTED_VALUE"""),0.0) -> 0 | W23: =IFERROR(__xludf.DUMMYFUNCTION("""COMPUTED_VALUE"""),0.0) -> 0 | X23: =IFERROR(__xludf.DUMMYFUNCTION("""COMPUTED_VALUE"""),0.0) -> 0 | Y23: =IFERROR(__xludf.DUMMYFUNCTION("""COMPUTED_VALUE"""),0.0) -> 0 | Z23: =IFERROR(__xludf.DUMMYFUNCTION("""COMPUTED_VALUE"""),0.0) -> 0 | AA23: =IFERROR(__xludf.DUMMYFUNCTION("""COMPUTED_VALUE"""),0.0) -> 0 | AB23: =IFERROR(__xludf.DUMMYFUNCTION("""COMPUTED_VALUE"""),0.831944444444444) -> 0.83194444 | AC23: =IFERROR(__xludf.DUMMYFUNCTION("""COMPUTED_VALUE"""),0.0) -> 0 | AD23: =IFERROR(__xludf.DUMMYFUNCTION("""COMPUTED_VALUE"""),0.454444444444444) -> 0.45444444 | AE23: =IFERROR(__xludf.DUMMYFUNCTION("""COMPUTED_VALUE"""),0.0) -> 0 | AF23: =IFERROR(__xludf.DUMMYFUNCTION("""COMPUTED_VALUE"""),3.0) -> 3
A24: =IFERROR(__xludf.DUMMYFUNCTION("""COMPUTED_VALUE"""),46153.0) -> 46153 | B24: =IFERROR(__xludf.DUMMYFUNCTION("""COMPUTED_VALUE"""),"dbbc7f35e9eb33b7562f0fd82896e827101bf13c") -> dbbc7f35e9eb33b7562f0fd82896e827101bf13c | C24: =IFERROR(__xludf.DUMMYFUNCTION("""COMPUTED_VALUE"""),"Brahmand Ka Rakshak | ब्रह्मांड का रक्षक Author - Vaibhav Bachhav") -> Brahmand Ka Rakshak | ब्रह्मांड का रक्षक Author - Vaibhav Bachhav | D24: =IFERROR(__xludf.DUMMYFUNCTION("""COMPUTED_VALUE"""),0.0) -> 0 | E24: =IFERROR(__xludf.DUMMYFUNCTION("""COMPUTED_VALUE"""),0.0) -> 0 | F24: =IFERROR(__xludf.DUMMYFUNCTION("""COMPUTED_VALUE"""),0.0) -> 0 | G24: =IFERROR(__xludf.DUMMYFUNCTION("""COMPUTED_VALUE"""),0.0) -> 0 | H24: =IFERROR(__xludf.DUMMYFUNCTION("""COMPUTED_VALUE"""),0.0) -> 0 | I24: =IFERROR(__xludf.DUMMYFUNCTION("""COMPUTED_VALUE"""),0.0) -> 0 | J24: =IFERROR(__xludf.DUMMYFUNCTION("""COMPUTED_VALUE"""),0.0) -> 0 | K24: =IFERROR(__xludf.DUMMYFUNCTION("""COMPUTED_VALUE"""),0.0) -> 0 | ... N24: =IFERROR(__xludf.DUMMYFUNCTION("""COMPUTED_VALUE"""),0.0) -> 0 | O24: =IFERROR(__xludf.DUMMYFUNCTION("""COMPUTED_VALUE"""),3.0) -> 3 | P24: =IFERROR(__xludf.DUMMYFUNCTION("""COMPUTED_VALUE"""),12.0) -> 12 | Q24: =IFERROR(__xludf.DUMMYFUNCTION("""COMPUTED_VALUE"""),0.0) -> 0 | R24: =IFERROR(__xludf.DUMMYFUNCTION("""COMPUTED_VALUE"""),0.0) -> 0 | S24: =IFERROR(__xludf.DUMMYFUNCTION("""COMPUTED_VALUE"""),0.0) -> 0 | T24: =IFERROR(__xludf.DUMMYFUNCTION("""COMPUTED_VALUE"""),0.0) -> 0 | U24: =IFERROR(__xludf.DUMMYFUNCTION("""COMPUTED_VALUE"""),0.0) -> 0 | V24: =IFERROR(__xludf.DUMMYFUNCTION("""COMPUTED_VALUE"""),0.0) -> 0 | W24: =IFERROR(__xludf.DUMMYFUNCTION("""COMPUTED_VALUE"""),0.0) -> 0 | X24: =IFERROR(__xludf.DUMMYFUNCTION("""COMPUTED_VALUE"""),0.0) -> 0 | ... AC24: =IFERROR(__xludf.DUMMYFUNCTION("""COMPUTED_VALUE"""),0.0) -> 0 | AD24: =IFERROR(__xludf.DUMMYFUNCTION("""COMPUTED_VALUE"""),0.545) -> 0.545 | AE24: =IFERROR(__xludf.DUMMYFUNCTION("""COMPUTED_VALUE"""),2.91138888888888) -> 2.9113889 | AF24: =IFERROR(__xludf.DUMMYFUNCTION("""COMPUTED_VALUE"""),0.0) -> 0
A25: =IFERROR(__xludf.DUMMYFUNCTION("""COMPUTED_VALUE"""),46153.0) -> 46153 | B25: =IFERROR(__xludf.DUMMYFUNCTION("""COMPUTED_VALUE"""),"e493cee863483a057af12de782cd20043a19ed05") -> e493cee863483a057af12de782cd20043a19ed05 | C25: =IFERROR(__xludf.DUMMYFUNCTION("""COMPUTED_VALUE"""),"Malang") -> Malang | D25: =IFERROR(__xludf.DUMMYFUNCTION("""COMPUTED_VALUE"""),0.0) -> 0 | E25: =IFERROR(__xludf.DUMMYFUNCTION("""COMPUTED_VALUE"""),30.0) -> 30 | F25: =IFERROR(__xludf.DUMMYFUNCTION("""COMPUTED_VALUE"""),0.0) -> 0 | G25: =IFERROR(__xludf.DUMMYFUNCTION("""COMPUTED_VALUE"""),0.0) -> 0 | H25: =IFERROR(__xludf.DUMMYFUNCTION("""COMPUTED_VALUE"""),0.0) -> 0 | I25: =IFERROR(__xludf.DUMMYFUNCTION("""COMPUTED_VALUE"""),0.0) -> 0 | J25: =IFERROR(__xludf.DUMMYFUNCTION("""COMPUTED_VALUE"""),0.0) -> 0 | K25: =IFERROR(__xludf.DUMMYFUNCTION("""COMPUTED_VALUE"""),0.0) -> 0 | L25: =IFERROR(__xludf.DUMMYFUNCTION("""COMPUTED_VALUE"""),0.0) -> 0 | M25: =IFERROR(__xludf.DUMMYFUNCTION("""COMPUTED_VALUE"""),0.0) -> 0 | N25: =IFERROR(__xludf.DUMMYFUNCTION("""COMPUTED_VALUE"""),30.0) -> 30 | O25: =IFERROR(__xludf.DUMMYFUNCTION("""COMPUTED_VALUE"""),3.0) -> 3 | P25: =IFERROR(__xludf.DUMMYFUNCTION("""COMPUTED_VALUE"""),30.0) -> 30 | Q25: =IFERROR(__xludf.DUMMYFUNCTION("""COMPUTED_VALUE"""),0.0) -> 0 | R25: =IFERROR(__xludf.DUMMYFUNCTION("""COMPUTED_VALUE"""),0.0) -> 0 | S25: =IFERROR(__xludf.DUMMYFUNCTION("""COMPUTED_VALUE"""),77689.0) -> 77689 | T25: =IFERROR(__xludf.DUMMYFUNCTION("""COMPUTED_VALUE"""),0.0) -> 0 | U25: =IFERROR(__xludf.DUMMYFUNCTION("""COMPUTED_VALUE"""),0.0) -> 0 | V25: =IFERROR(__xludf.DUMMYFUNCTION("""COMPUTED_VALUE"""),0.0) -> 0 | W25: =IFERROR(__xludf.DUMMYFUNCTION("""COMPUTED_VALUE"""),0.0) -> 0 | X25: =IFERROR(__xludf.DUMMYFUNCTION("""COMPUTED_VALUE"""),0.0) -> 0 | Y25: =IFERROR(__xludf.DUMMYFUNCTION("""COMPUTED_VALUE"""),0.0) -> 0 | Z25: =IFERROR(__xludf.DUMMYFUNCTION("""COMPUTED_VALUE"""),0.0) -> 0 | AA25: =IFERROR(__xludf.DUMMYFUNCTION("""COMPUTED_VALUE"""),0.0) -> 0 | AB25: =IFERROR(__xludf.DUMMYFUNCTION("""COMPUTED_VALUE"""),0.0) -> 0 | AC25: =IFERROR(__xludf.DUMMYFUNCTION("""COMPUTED_VALUE"""),7.02611111111111) -> 7.0261111 | AD25: =IFERROR(__xludf.DUMMYFUNCTION("""COMPUTED_VALUE"""),0.601111111111111) -> 0.60111111 | AE25: =IFERROR(__xludf.DUMMYFUNCTION("""COMPUTED_VALUE"""),7.02611111111111) -> 7.0261111 | AF25: =IFERROR(__xludf.DUMMYFUNCTION("""COMPUTED_VALUE"""),0.0) -> 0
A26: =IFERROR(__xludf.DUMMYFUNCTION("""COMPUTED_VALUE"""),46153.0) -> 46153 | B26: =IFERROR(__xludf.DUMMYFUNCTION("""COMPUTED_VALUE"""),"f43f4253dc3c596ff8f2e3cc9f3b677981a70310") -> f43f4253dc3c596ff8f2e3cc9f3b677981a70310 | C26: =IFERROR(__xludf.DUMMYFUNCTION("""COMPUTED_VALUE"""),"Brahmyodha : The Destroyer | ब्रह्मयोद्धा : द डिस्ट्रोयर | Author - Ajit Kumar") -> Brahmyodha : The Destroyer | ब्रह्मयोद्धा : द डिस्ट्रोयर | Author - Ajit Kumar | D26: =IFERROR(__xludf.DUMMYFUNCTION("""COMPUTED_VALUE"""),4.0) -> 4 | E26: =IFERROR(__xludf.DUMMYFUNCTION("""COMPUTED_VALUE"""),4.0) -> 4 | F26: =IFERROR(__xludf.DUMMYFUNCTION("""COMPUTED_VALUE"""),0.0) -> 0 | G26: =IFERROR(__xludf.DUMMYFUNCTION("""COMPUTED_VALUE"""),0.0) -> 0 | H26: =IFERROR(__xludf.DUMMYFUNCTION("""COMPUTED_VALUE"""),0.0) -> 0 | I26: =IFERROR(__xludf.DUMMYFUNCTION("""COMPUTED_VALUE"""),0.0) -> 0 | J26: =IFERROR(__xludf.DUMMYFUNCTION("""COMPUTED_VALUE"""),0.0) -> 0 | K26: =IFERROR(__xludf.DUMMYFUNCTION("""COMPUTED_VALUE"""),0.0) -> 0 | L26: =IFERROR(__xludf.DUMMYFUNCTION("""COMPUTED_VALUE"""),0.0) -> 0 | M26: =IFERROR(__xludf.DUMMYFUNCTION("""COMPUTED_VALUE"""),0.0) -> 0 | N26: =IFERROR(__xludf.DUMMYFUNCTION("""COMPUTED_VALUE"""),4.0) -> 4 | O26: =IFERROR(__xludf.DUMMYFUNCTION("""COMPUTED_VALUE"""),2.0) -> 2 | P26: =IFERROR(__xludf.DUMMYFUNCTION("""COMPUTED_VALUE"""),4.0) -> 4 | Q26: =IFERROR(__xludf.DUMMYFUNCTION("""COMPUTED_VALUE"""),0.0) -> 0 | R26: =IFERROR(__xludf.DUMMYFUNCTION("""COMPUTED_VALUE"""),10512.0) -> 10512 | S26: =IFERROR(__xludf.DUMMYFUNCTION("""COMPUTED_VALUE"""),10512.0) -> 10512 | T26: =IFERROR(__xludf.DUMMYFUNCTION("""COMPUTED_VALUE"""),0.0) -> 0 | U26: =IFERROR(__xludf.DUMMYFUNCTION("""COMPUTED_VALUE"""),0.0) -> 0 | V26: =IFERROR(__xludf.DUMMYFUNCTION("""COMPUTED_VALUE"""),0.0) -> 0 | W26: =IFERROR(__xludf.DUMMYFUNCTION("""COMPUTED_VALUE"""),0.0) -> 0 | X26: =IFERROR(__xludf.DUMMYFUNCTION("""COMPUTED_VALUE"""),0.0) -> 0 | Y26: =IFERROR(__xludf.DUMMYFUNCTION("""COMPUTED_VALUE"""),0.0) -> 0 | Z26: =IFERROR(__xludf.DUMMYFUNCTION("""COMPUTED_VALUE"""),0.0) -> 0 | AA26: =IFERROR(__xludf.DUMMYFUNCTION("""COMPUTED_VALUE"""),0.0) -> 0 | ... AC26: =IFERROR(__xludf.DUMMYFUNCTION("""COMPUTED_VALUE"""),0.0) -> 0 | AD26: =IFERROR(__xludf.DUMMYFUNCTION("""COMPUTED_VALUE"""),0.501388888888888) -> 0.50138889 | AE26: =IFERROR(__xludf.DUMMYFUNCTION("""COMPUTED_VALUE"""),1.05388888888888) -> 1.0538889 | AF26: =IFERROR(__xludf.DUMMYFUNCTION("""COMPUTED_VALUE"""),0.0) -> 0
A27: =IFERROR(__xludf.DUMMYFUNCTION("""COMPUTED_VALUE"""),46153.0) -> 46153 | B27: =IFERROR(__xludf.DUMMYFUNCTION("""COMPUTED_VALUE"""),"f8fbcb9a13d17d5888164fffc1bbb7cd5c6608b2") -> f8fbcb9a13d17d5888164fffc1bbb7cd5c6608b2 | C27: =IFERROR(__xludf.DUMMYFUNCTION("""COMPUTED_VALUE"""),"Empire of Hidden King | Author - Nitesh") -> Empire of Hidden King | Author - Nitesh | D27: =IFERROR(__xludf.DUMMYFUNCTION("""COMPUTED_VALUE"""),0.0) -> 0 | E27: =IFERROR(__xludf.DUMMYFUNCTION("""COMPUTED_VALUE"""),0.0) -> 0 | F27: =IFERROR(__xludf.DUMMYFUNCTION("""COMPUTED_VALUE"""),0.0) -> 0 | G27: =IFERROR(__xludf.DUMMYFUNCTION("""COMPUTED_VALUE"""),0.0) -> 0 | H27: =IFERROR(__xludf.DUMMYFUNCTION("""COMPUTED_VALUE"""),0.0) -> 0 | I27: =IFERROR(__xludf.DUMMYFUNCTION("""COMPUTED_VALUE"""),0.0) -> 0 | J27: =IFERROR(__xludf.DUMMYFUNCTION("""COMPUTED_VALUE"""),0.0) -> 0 | K27: =IFERROR(__xludf.DUMMYFUNCTION("""COMPUTED_VALUE"""),0.0) -> 0 | ... M27: =IFERROR(__xludf.DUMMYFUNCTION("""COMPUTED_VALUE"""),0.0) -> 0 | N27: =IFERROR(__xludf.DUMMYFUNCTION("""COMPUTED_VALUE"""),7.0) -> 7 | O27: =IFERROR(__xludf.DUMMYFUNCTION("""COMPUTED_VALUE"""),0.0) -> 0 | P27: =IFERROR(__xludf.DUMMYFUNCTION("""COMPUTED_VALUE"""),7.0) -> 7 | Q27: =IFERROR(__xludf.DUMMYFUNCTION("""COMPUTED_VALUE"""),0.0) -> 0 | R27: =IFERROR(__xludf.DUMMYFUNCTION("""COMPUTED_VALUE"""),0.0) -> 0 | S27: =IFERROR(__xludf.DUMMYFUNCTION("""COMPUTED_VALUE"""),0.0) -> 0 | T27: =IFERROR(__xludf.DUMMYFUNCTION("""COMPUTED_VALUE"""),0.0) -> 0 | U27: =IFERROR(__xludf.DUMMYFUNCTION("""COMPUTED_VALUE"""),0.0) -> 0 | V27: =IFERROR(__xludf.DUMMYFUNCTION("""COMPUTED_VALUE"""),0.0) -> 0 | W27: =IFERROR(__xludf.DUMMYFUNCTION("""COMPUTED_VALUE"""),0.0) -> 0 | X27: =IFERROR(__xludf.DUMMYFUNCTION("""COMPUTED_VALUE"""),0.0) -> 0 | ... AB27: =IFERROR(__xludf.DUMMYFUNCTION("""COMPUTED_VALUE"""),0.0) -> 0 | AC27: =IFERROR(__xludf.DUMMYFUNCTION("""COMPUTED_VALUE"""),1.99777777777777) -> 1.9977778 | AD27: =IFERROR(__xludf.DUMMYFUNCTION("""COMPUTED_VALUE"""),0.0) -> 0 | AE27: =IFERROR(__xludf.DUMMYFUNCTION("""COMPUTED_VALUE"""),1.99777777777777) -> 1.9977778 | AF27: =IFERROR(__xludf.DUMMYFUNCTION("""COMPUTED_VALUE"""),0.0) -> 0
A28: =IFERROR(__xludf.DUMMYFUNCTION("""COMPUTED_VALUE"""),46146.0) -> 46146 | B28: =IFERROR(__xludf.DUMMYFUNCTION("""COMPUTED_VALUE"""),"017fddbaa7617afdd8289be5c433df09dcde1da2") -> 017fddbaa7617afdd8289be5c433df09dcde1da2 | C28: =IFERROR(__xludf.DUMMYFUNCTION("""COMPUTED_VALUE"""),"His Secret Fortune - Production Show_id") -> His Secret Fortune - Production Show_id | D28: =IFERROR(__xludf.DUMMYFUNCTION("""COMPUTED_VALUE"""),23.0) -> 23 | E28: =IFERROR(__xludf.DUMMYFUNCTION("""COMPUTED_VALUE"""),14.0) -> 14 | F28: =IFERROR(__xludf.DUMMYFUNCTION("""COMPUTED_VALUE"""),24.0) -> 24 | G28: =IFERROR(__xludf.DUMMYFUNCTION("""COMPUTED_VALUE"""),22.0) -> 22 | H28: =IFERROR(__xludf.DUMMYFUNCTION("""COMPUTED_VALUE"""),25.0) -> 25 | I28: =IFERROR(__xludf.DUMMYFUNCTION("""COMPUTED_VALUE"""),3.0) -> 3 | J28: =IFERROR(__xludf.DUMMYFUNCTION("""COMPUTED_VALUE"""),25.0) -> 25 | K28: =IFERROR(__xludf.DUMMYFUNCTION("""COMPUTED_VALUE"""),20.0) -> 20 | L28: =IFERROR(__xludf.DUMMYFUNCTION("""COMPUTED_VALUE"""),8.0) -> 8 | M28: =IFERROR(__xludf.DUMMYFUNCTION("""COMPUTED_VALUE"""),31.0) -> 31 | N28: =IFERROR(__xludf.DUMMYFUNCTION("""COMPUTED_VALUE"""),24.0) -> 24 | O28: =IFERROR(__xludf.DUMMYFUNCTION("""COMPUTED_VALUE"""),7.0) -> 7 | P28: =IFERROR(__xludf.DUMMYFUNCTION("""COMPUTED_VALUE"""),24.0) -> 24 | Q28: =IFERROR(__xludf.DUMMYFUNCTION("""COMPUTED_VALUE"""),0.0) -> 0 | R28: =IFERROR(__xludf.DUMMYFUNCTION("""COMPUTED_VALUE"""),56248.0) -> 56248 | S28: =IFERROR(__xludf.DUMMYFUNCTION("""COMPUTED_VALUE"""),34813.0) -> 34813 | T28: =IFERROR(__xludf.DUMMYFUNCTION("""COMPUTED_VALUE"""),3.86444444444444) -> 3.8644444 | U28: =IFERROR(__xludf.DUMMYFUNCTION("""COMPUTED_VALUE"""),5.08833333333333) -> 5.0883333 | V28: =IFERROR(__xludf.DUMMYFUNCTION("""COMPUTED_VALUE"""),4.6725) -> 4.6725 | W28: =IFERROR(__xludf.DUMMYFUNCTION("""COMPUTED_VALUE"""),5.31361111111111) -> 5.3136111 | X28: =IFERROR(__xludf.DUMMYFUNCTION("""COMPUTED_VALUE"""),0.641111111111111) -> 0.64111111 | Y28: =IFERROR(__xludf.DUMMYFUNCTION("""COMPUTED_VALUE"""),5.31194444444444) -> 5.3119444 | Z28: =IFERROR(__xludf.DUMMYFUNCTION("""COMPUTED_VALUE"""),4.155) -> 4.155 | AA28: =IFERROR(__xludf.DUMMYFUNCTION("""COMPUTED_VALUE"""),1.62444444444444) -> 1.6244444 | AB28: =IFERROR(__xludf.DUMMYFUNCTION("""COMPUTED_VALUE"""),6.43833333333333) -> 6.4383333 | AC28: =IFERROR(__xludf.DUMMYFUNCTION("""COMPUTED_VALUE"""),4.91111111111111) -> 4.9111111 | AD28: =IFERROR(__xludf.DUMMYFUNCTION("""COMPUTED_VALUE"""),1.47444444444444) -> 1.4744444 | AE28: =IFERROR(__xludf.DUMMYFUNCTION("""COMPUTED_VALUE"""),4.91111111111111) -> 4.9111111 | AF28: =IFERROR(__xludf.DUMMYFUNCTION("""COMPUTED_VALUE"""),18.0) -> 18
A29: =IFERROR(__xludf.DUMMYFUNCTION("""COMPUTED_VALUE"""),46146.0) -> 46146 | B29: =IFERROR(__xludf.DUMMYFUNCTION("""COMPUTED_VALUE"""),"120f01928bb6593698eaa96f46a52b5ddab649bd") -> 120f01928bb6593698eaa96f46a52b5ddab649bd | C29: =IFERROR(__xludf.DUMMYFUNCTION("""COMPUTED_VALUE"""),"Beggar Husband - 2") -> Beggar Husband - 2 | D29: =IFERROR(__xludf.DUMMYFUNCTION("""COMPUTED_VALUE"""),15.0) -> 15 | E29: =IFERROR(__xludf.DUMMYFUNCTION("""COMPUTED_VALUE"""),19.0) -> 19 | F29: =IFERROR(__xludf.DUMMYFUNCTION("""COMPUTED_VALUE"""),0.0) -> 0 | G29: =IFERROR(__xludf.DUMMYFUNCTION("""COMPUTED_VALUE"""),0.0) -> 0 | H29: =IFERROR(__xludf.DUMMYFUNCTION("""COMPUTED_VALUE"""),8.0) -> 8 | I29: =IFERROR(__xludf.DUMMYFUNCTION("""COMPUTED_VALUE"""),0.0) -> 0 | J29: =IFERROR(__xludf.DUMMYFUNCTION("""COMPUTED_VALUE"""),8.0) -> 8 | K29: =IFERROR(__xludf.DUMMYFUNCTION("""COMPUTED_VALUE"""),0.0) -> 0 | L29: =IFERROR(__xludf.DUMMYFUNCTION("""COMPUTED_VALUE"""),0.0) -> 0 | M29: =IFERROR(__xludf.DUMMYFUNCTION("""COMPUTED_VALUE"""),12.0) -> 12 | N29: =IFERROR(__xludf.DUMMYFUNCTION("""COMPUTED_VALUE"""),21.0) -> 21 | O29: =IFERROR(__xludf.DUMMYFUNCTION("""COMPUTED_VALUE"""),7.0) -> 7 | P29: =IFERROR(__xludf.DUMMYFUNCTION("""COMPUTED_VALUE"""),21.0) -> 21 | Q29: =IFERROR(__xludf.DUMMYFUNCTION("""COMPUTED_VALUE"""),0.0) -> 0 | R29: =IFERROR(__xludf.DUMMYFUNCTION("""COMPUTED_VALUE"""),33622.0) -> 33622 | S29: =IFERROR(__xludf.DUMMYFUNCTION("""COMPUTED_VALUE"""),42500.0) -> 42500 | T29: =IFERROR(__xludf.DUMMYFUNCTION("""COMPUTED_VALUE"""),2.68194444444444) -> 2.6819444 | U29: =IFERROR(__xludf.DUMMYFUNCTION("""COMPUTED_VALUE"""),0.0) -> 0 | V29: =IFERROR(__xludf.DUMMYFUNCTION("""COMPUTED_VALUE"""),0.0) -> 0 | W29: =IFERROR(__xludf.DUMMYFUNCTION("""COMPUTED_VALUE"""),1.81666666666666) -> 1.8166667 | X29: =IFERROR(__xludf.DUMMYFUNCTION("""COMPUTED_VALUE"""),0.0) -> 0 | Y29: =IFERROR(__xludf.DUMMYFUNCTION("""COMPUTED_VALUE"""),1.81666666666666) -> 1.8166667 | Z29: =IFERROR(__xludf.DUMMYFUNCTION("""COMPUTED_VALUE"""),0.0) -> 0 | AA29: =IFERROR(__xludf.DUMMYFUNCTION("""COMPUTED_VALUE"""),0.0) -> 0 | AB29: =IFERROR(__xludf.DUMMYFUNCTION("""COMPUTED_VALUE"""),2.62611111111111) -> 2.6261111 | AC29: =IFERROR(__xludf.DUMMYFUNCTION("""COMPUTED_VALUE"""),4.675) -> 4.675 | AD29: =IFERROR(__xludf.DUMMYFUNCTION("""COMPUTED_VALUE"""),1.53833333333333) -> 1.5383333 | AE29: =IFERROR(__xludf.DUMMYFUNCTION("""COMPUTED_VALUE"""),4.675) -> 4.675 | AF29: =IFERROR(__xludf.DUMMYFUNCTION("""COMPUTED_VALUE"""),12.0) -> 12
A30: =IFERROR(__xludf.DUMMYFUNCTION("""COMPUTED_VALUE"""),46146.0) -> 46146 | B30: =IFERROR(__xludf.DUMMYFUNCTION("""COMPUTED_VALUE"""),"2549f1505a3739b3e90a0b63921ad55271440d40") -> 2549f1505a3739b3e90a0b63921ad55271440d40 | C30: =IFERROR(__xludf.DUMMYFUNCTION("""COMPUTED_VALUE"""),"Reborn in Martial World ") -> Reborn in Martial World | D30: =IFERROR(__xludf.DUMMYFUNCTION("""COMPUTED_VALUE"""),0.0) -> 0 | E30: =IFERROR(__xludf.DUMMYFUNCTION("""COMPUTED_VALUE"""),90.0) -> 90 | F30: =IFERROR(__xludf.DUMMYFUNCTION("""COMPUTED_VALUE"""),0.0) -> 0 | G30: =IFERROR(__xludf.DUMMYFUNCTION("""COMPUTED_VALUE"""),0.0) -> 0 | H30: =IFERROR(__xludf.DUMMYFUNCTION("""COMPUTED_VALUE"""),0.0) -> 0 | I30: =IFERROR(__xludf.DUMMYFUNCTION("""COMPUTED_VALUE"""),0.0) -> 0 | J30: =IFERROR(__xludf.DUMMYFUNCTION("""COMPUTED_VALUE"""),0.0) -> 0 | K30: =IFERROR(__xludf.DUMMYFUNCTION("""COMPUTED_VALUE"""),0.0) -> 0 | L30: =IFERROR(__xludf.DUMMYFUNCTION("""COMPUTED_VALUE"""),0.0) -> 0 | M30: =IFERROR(__xludf.DUMMYFUNCTION("""COMPUTED_VALUE"""),50.0) -> 50 | N30: =IFERROR(__xludf.DUMMYFUNCTION("""COMPUTED_VALUE"""),90.0) -> 90 | O30: =IFERROR(__xludf.DUMMYFUNCTION("""COMPUTED_VALUE"""),4.0) -> 4 | P30: =IFERROR(__xludf.DUMMYFUNCTION("""COMPUTED_VALUE"""),90.0) -> 90 | Q30: =IFERROR(__xludf.DUMMYFUNCTION("""COMPUTED_VALUE"""),0.0) -> 0 | R30: =IFERROR(__xludf.DUMMYFUNCTION("""COMPUTED_VALUE"""),0.0) -> 0 | S30: =IFERROR(__xludf.DUMMYFUNCTION("""COMPUTED_VALUE"""),190340.0) -> 190340 | T30: =IFERROR(__xludf.DUMMYFUNCTION("""COMPUTED_VALUE"""),0.0) -> 0 | U30: =IFERROR(__xludf.DUMMYFUNCTION("""COMPUTED_VALUE"""),0.0) -> 0 | V30: =IFERROR(__xludf.DUMMYFUNCTION("""COMPUTED_VALUE"""),0.0) -> 0 | W30: =IFERROR(__xludf.DUMMYFUNCTION("""COMPUTED_VALUE"""),0.0) -> 0 | X30: =IFERROR(__xludf.DUMMYFUNCTION("""COMPUTED_VALUE"""),0.0) -> 0 | Y30: =IFERROR(__xludf.DUMMYFUNCTION("""COMPUTED_VALUE"""),0.0) -> 0 | Z30: =IFERROR(__xludf.DUMMYFUNCTION("""COMPUTED_VALUE"""),0.0) -> 0 | AA30: =IFERROR(__xludf.DUMMYFUNCTION("""COMPUTED_VALUE"""),0.0) -> 0 | AB30: =IFERROR(__xludf.DUMMYFUNCTION("""COMPUTED_VALUE"""),13.4366666666666) -> 13.436667 | AC30: =IFERROR(__xludf.DUMMYFUNCTION("""COMPUTED_VALUE"""),24.4563888888888) -> 24.456389 | AD30: =IFERROR(__xludf.DUMMYFUNCTION("""COMPUTED_VALUE"""),0.807777777777777) -> 0.80777778 | AE30: =IFERROR(__xludf.DUMMYFUNCTION("""COMPUTED_VALUE"""),24.4563888888888) -> 24.456389 | AF30: =IFERROR(__xludf.DUMMYFUNCTION("""COMPUTED_VALUE"""),0.0) -> 0
A31: =IFERROR(__xludf.DUMMYFUNCTION("""COMPUTED_VALUE"""),46146.0) -> 46146 | B31: =IFERROR(__xludf.DUMMYFUNCTION("""COMPUTED_VALUE"""),"37e68193f879e91ec362f75f4b46511110658e2b") -> 37e68193f879e91ec362f75f4b46511110658e2b | C31: =IFERROR(__xludf.DUMMYFUNCTION("""COMPUTED_VALUE"""),"Shiva : Ek Pretyodha") -> Shiva : Ek Pretyodha | D31: =IFERROR(__xludf.DUMMYFUNCTION("""COMPUTED_VALUE"""),0.0) -> 0 | E31: =IFERROR(__xludf.DUMMYFUNCTION("""COMPUTED_VALUE"""),0.0) -> 0 | F31: =IFERROR(__xludf.DUMMYFUNCTION("""COMPUTED_VALUE"""),0.0) -> 0 | G31: =IFERROR(__xludf.DUMMYFUNCTION("""COMPUTED_VALUE"""),0.0) -> 0 | H31: =IFERROR(__xludf.DUMMYFUNCTION("""COMPUTED_VALUE"""),0.0) -> 0 | I31: =IFERROR(__xludf.DUMMYFUNCTION("""COMPUTED_VALUE"""),0.0) -> 0 | J31: =IFERROR(__xludf.DUMMYFUNCTION("""COMPUTED_VALUE"""),0.0) -> 0 | K31: =IFERROR(__xludf.DUMMYFUNCTION("""COMPUTED_VALUE"""),0.0) -> 0 | ... N31: =IFERROR(__xludf.DUMMYFUNCTION("""COMPUTED_VALUE"""),0.0) -> 0 | O31: =IFERROR(__xludf.DUMMYFUNCTION("""COMPUTED_VALUE"""),33.0) -> 33 | P31: =IFERROR(__xludf.DUMMYFUNCTION("""COMPUTED_VALUE"""),31.0) -> 31 | Q31: =IFERROR(__xludf.DUMMYFUNCTION("""COMPUTED_VALUE"""),0.0) -> 0 | R31: =IFERROR(__xludf.DUMMYFUNCTION("""COMPUTED_VALUE"""),0.0) -> 0 | S31: =IFERROR(__xludf.DUMMYFUNCTION("""COMPUTED_VALUE"""),0.0) -> 0 | T31: =IFERROR(__xludf.DUMMYFUNCTION("""COMPUTED_VALUE"""),0.0) -> 0 | U31: =IFERROR(__xludf.DUMMYFUNCTION("""COMPUTED_VALUE"""),0.0) -> 0 | V31: =IFERROR(__xludf.DUMMYFUNCTION("""COMPUTED_VALUE"""),0.0) -> 0 | W31: =IFERROR(__xludf.DUMMYFUNCTION("""COMPUTED_VALUE"""),0.0) -> 0 | X31: =IFERROR(__xludf.DUMMYFUNCTION("""COMPUTED_VALUE"""),0.0) -> 0 | ... AC31: =IFERROR(__xludf.DUMMYFUNCTION("""COMPUTED_VALUE"""),0.0) -> 0 | AD31: =IFERROR(__xludf.DUMMYFUNCTION("""COMPUTED_VALUE"""),3.05916666666666) -> 3.0591667 | AE31: =IFERROR(__xludf.DUMMYFUNCTION("""COMPUTED_VALUE"""),2.86972222222222) -> 2.8697222 | AF31: =IFERROR(__xludf.DUMMYFUNCTION("""COMPUTED_VALUE"""),0.0) -> 0
A32: =IFERROR(__xludf.DUMMYFUNCTION("""COMPUTED_VALUE"""),46146.0) -> 46146 | B32: =IFERROR(__xludf.DUMMYFUNCTION("""COMPUTED_VALUE"""),"394d109f7b50d9a46fb591dbaaba2d0aac90a696") -> 394d109f7b50d9a46fb591dbaaba2d0aac90a696 | C32: =IFERROR(__xludf.DUMMYFUNCTION("""COMPUTED_VALUE"""),"Empire of Hidden King (SRGJ) - Production Show_id") -> Empire of Hidden King (SRGJ) - Production Show_id | D32: =IFERROR(__xludf.DUMMYFUNCTION("""COMPUTED_VALUE"""),1.0) -> 1 | E32: =IFERROR(__xludf.DUMMYFUNCTION("""COMPUTED_VALUE"""),1.0) -> 1 | F32: =IFERROR(__xludf.DUMMYFUNCTION("""COMPUTED_VALUE"""),1.0) -> 1 | G32: =IFERROR(__xludf.DUMMYFUNCTION("""COMPUTED_VALUE"""),4.0) -> 4 | H32: =IFERROR(__xludf.DUMMYFUNCTION("""COMPUTED_VALUE"""),4.0) -> 4 | I32: =IFERROR(__xludf.DUMMYFUNCTION("""COMPUTED_VALUE"""),0.0) -> 0 | J32: =IFERROR(__xludf.DUMMYFUNCTION("""COMPUTED_VALUE"""),4.0) -> 4 | K32: =IFERROR(__xludf.DUMMYFUNCTION("""COMPUTED_VALUE"""),1.0) -> 1 | L32: =IFERROR(__xludf.DUMMYFUNCTION("""COMPUTED_VALUE"""),0.0) -> 0 | M32: =IFERROR(__xludf.DUMMYFUNCTION("""COMPUTED_VALUE"""),4.0) -> 4 | N32: =IFERROR(__xludf.DUMMYFUNCTION("""COMPUTED_VALUE"""),3.0) -> 3 | O32: =IFERROR(__xludf.DUMMYFUNCTION("""COMPUTED_VALUE"""),6.0) -> 6 | P32: =IFERROR(__xludf.DUMMYFUNCTION("""COMPUTED_VALUE"""),3.0) -> 3 | Q32: =IFERROR(__xludf.DUMMYFUNCTION("""COMPUTED_VALUE"""),0.0) -> 0 | R32: =IFERROR(__xludf.DUMMYFUNCTION("""COMPUTED_VALUE"""),2732.0) -> 2732 | S32: =IFERROR(__xludf.DUMMYFUNCTION("""COMPUTED_VALUE"""),2732.0) -> 2732 | T32: =IFERROR(__xludf.DUMMYFUNCTION("""COMPUTED_VALUE"""),0.274444444444444) -> 0.27444444 | U32: =IFERROR(__xludf.DUMMYFUNCTION("""COMPUTED_VALUE"""),0.274444444444444) -> 0.27444444 | V32: =IFERROR(__xludf.DUMMYFUNCTION("""COMPUTED_VALUE"""),0.960277777777777) -> 0.96027778 | W32: =IFERROR(__xludf.DUMMYFUNCTION("""COMPUTED_VALUE"""),0.960277777777777) -> 0.96027778 | X32: =IFERROR(__xludf.DUMMYFUNCTION("""COMPUTED_VALUE"""),0.0) -> 0 | Y32: =IFERROR(__xludf.DUMMYFUNCTION("""COMPUTED_VALUE"""),0.960277777777777) -> 0.96027778 | Z32: =IFERROR(__xludf.DUMMYFUNCTION("""COMPUTED_VALUE"""),0.274722222222222) -> 0.27472222 | AA32: =IFERROR(__xludf.DUMMYFUNCTION("""COMPUTED_VALUE"""),0.0) -> 0 | AB32: =IFERROR(__xludf.DUMMYFUNCTION("""COMPUTED_VALUE"""),0.960277777777777) -> 0.96027778 | AC32: =IFERROR(__xludf.DUMMYFUNCTION("""COMPUTED_VALUE"""),0.685555555555555) -> 0.68555556 | AD32: =IFERROR(__xludf.DUMMYFUNCTION("""COMPUTED_VALUE"""),1.67083333333333) -> 1.6708333 | AE32: =IFERROR(__xludf.DUMMYFUNCTION("""COMPUTED_VALUE"""),0.685555555555555) -> 0.68555556 | AF32: =IFERROR(__xludf.DUMMYFUNCTION("""COMPUTED_VALUE"""),1.0) -> 1
A33: =IFERROR(__xludf.DUMMYFUNCTION("""COMPUTED_VALUE"""),46146.0) -> 46146 | B33: =IFERROR(__xludf.DUMMYFUNCTION("""COMPUTED_VALUE"""),"5066c0736f9e9444f2b4da840d6860b1f7f47d11") -> 5066c0736f9e9444f2b4da840d6860b1f7f47d11 | C33: =IFERROR(__xludf.DUMMYFUNCTION("""COMPUTED_VALUE"""),"The Warrior | Author - Dayaram Prajapati - Replica (For Production Only)") -> The Warrior | Author - Dayaram Prajapati - Replica (For Production Only) | D33: =IFERROR(__xludf.DUMMYFUNCTION("""COMPUTED_VALUE"""),354.0) -> 354 | E33: =IFERROR(__xludf.DUMMYFUNCTION("""COMPUTED_VALUE"""),25.0) -> 25 | F33: =IFERROR(__xludf.DUMMYFUNCTION("""COMPUTED_VALUE"""),20.0) -> 20 | G33: =IFERROR(__xludf.DUMMYFUNCTION("""COMPUTED_VALUE"""),18.0) -> 18 | H33: =IFERROR(__xludf.DUMMYFUNCTION("""COMPUTED_VALUE"""),18.0) -> 18 | I33: =IFERROR(__xludf.DUMMYFUNCTION("""COMPUTED_VALUE"""),0.0) -> 0 | J33: =IFERROR(__xludf.DUMMYFUNCTION("""COMPUTED_VALUE"""),17.0) -> 17 | K33: =IFERROR(__xludf.DUMMYFUNCTION("""COMPUTED_VALUE"""),5.0) -> 5 | L33: =IFERROR(__xludf.DUMMYFUNCTION("""COMPUTED_VALUE"""),4.0) -> 4 | M33: =IFERROR(__xludf.DUMMYFUNCTION("""COMPUTED_VALUE"""),20.0) -> 20 | N33: =IFERROR(__xludf.DUMMYFUNCTION("""COMPUTED_VALUE"""),20.0) -> 20 | O33: =IFERROR(__xludf.DUMMYFUNCTION("""COMPUTED_VALUE"""),7.0) -> 7 | P33: =IFERROR(__xludf.DUMMYFUNCTION("""COMPUTED_VALUE"""),20.0) -> 20 | Q33: =IFERROR(__xludf.DUMMYFUNCTION("""COMPUTED_VALUE"""),0.0) -> 0 | R33: =IFERROR(__xludf.DUMMYFUNCTION("""COMPUTED_VALUE"""),882175.0) -> 882175 | S33: =IFERROR(__xludf.DUMMYFUNCTION("""COMPUTED_VALUE"""),80398.0) -> 80398 | T33: =IFERROR(__xludf.DUMMYFUNCTION("""COMPUTED_VALUE"""),6.6575) -> 6.6575 | U33: =IFERROR(__xludf.DUMMYFUNCTION("""COMPUTED_VALUE"""),6.0525) -> 6.0525 | V33: =IFERROR(__xludf.DUMMYFUNCTION("""COMPUTED_VALUE"""),5.37361111111111) -> 5.3736111 | W33: =IFERROR(__xludf.DUMMYFUNCTION("""COMPUTED_VALUE"""),5.37361111111111) -> 5.3736111 | X33: =IFERROR(__xludf.DUMMYFUNCTION("""COMPUTED_VALUE"""),0.0) -> 0 | Y33: =IFERROR(__xludf.DUMMYFUNCTION("""COMPUTED_VALUE"""),5.10027777777777) -> 5.1002778 | Z33: =IFERROR(__xludf.DUMMYFUNCTION("""COMPUTED_VALUE"""),1.41166666666666) -> 1.4116667 | AA33: =IFERROR(__xludf.DUMMYFUNCTION("""COMPUTED_VALUE"""),1.14527777777777) -> 1.1452778 | AB33: =IFERROR(__xludf.DUMMYFUNCTION("""COMPUTED_VALUE"""),6.13055555555555) -> 6.1305556 | AC33: =IFERROR(__xludf.DUMMYFUNCTION("""COMPUTED_VALUE"""),6.13055555555555) -> 6.1305556 | AD33: =IFERROR(__xludf.DUMMYFUNCTION("""COMPUTED_VALUE"""),1.605) -> 1.605 | AE33: =IFERROR(__xludf.DUMMYFUNCTION("""COMPUTED_VALUE"""),6.13055555555555) -> 6.1305556 | AF33: =IFERROR(__xludf.DUMMYFUNCTION("""COMPUTED_VALUE"""),22.0) -> 22
A34: =IFERROR(__xludf.DUMMYFUNCTION("""COMPUTED_VALUE"""),46146.0) -> 46146 | B34: =IFERROR(__xludf.DUMMYFUNCTION("""COMPUTED_VALUE"""),"5a7d21f6ad9df12be70cd9439dd850c36627991d") -> 5a7d21f6ad9df12be70cd9439dd850c36627991d | C34: =IFERROR(__xludf.DUMMYFUNCTION("""COMPUTED_VALUE"""),"Ek Stranger Se Pyar- Production Id") -> Ek Stranger Se Pyar- Production Id | D34: =IFERROR(__xludf.DUMMYFUNCTION("""COMPUTED_VALUE"""),29.0) -> 29 | E34: =IFERROR(__xludf.DUMMYFUNCTION("""COMPUTED_VALUE"""),11.0) -> 11 | F34: =IFERROR(__xludf.DUMMYFUNCTION("""COMPUTED_VALUE"""),14.0) -> 14 | G34: =IFERROR(__xludf.DUMMYFUNCTION("""COMPUTED_VALUE"""),14.0) -> 14 | H34: =IFERROR(__xludf.DUMMYFUNCTION("""COMPUTED_VALUE"""),18.0) -> 18 | I34: =IFERROR(__xludf.DUMMYFUNCTION("""COMPUTED_VALUE"""),4.0) -> 4 | J34: =IFERROR(__xludf.DUMMYFUNCTION("""COMPUTED_VALUE"""),18.0) -> 18 | K34: =IFERROR(__xludf.DUMMYFUNCTION("""COMPUTED_VALUE"""),9.0) -> 9 | L34: =IFERROR(__xludf.DUMMYFUNCTION("""COMPUTED_VALUE"""),5.0) -> 5 | M34: =IFERROR(__xludf.DUMMYFUNCTION("""COMPUTED_VALUE"""),19.0) -> 19 | N34: =IFERROR(__xludf.DUMMYFUNCTION("""COMPUTED_VALUE"""),19.0) -> 19 | O34: =IFERROR(__xludf.DUMMYFUNCTION("""COMPUTED_VALUE"""),5.0) -> 5 | P34: =IFERROR(__xludf.DUMMYFUNCTION("""COMPUTED_VALUE"""),19.0) -> 19 | Q34: =IFERROR(__xludf.DUMMYFUNCTION("""COMPUTED_VALUE"""),0.0) -> 0 | R34: =IFERROR(__xludf.DUMMYFUNCTION("""COMPUTED_VALUE"""),69012.0) -> 69012 | S34: =IFERROR(__xludf.DUMMYFUNCTION("""COMPUTED_VALUE"""),26657.0) -> 26657 | T34: =IFERROR(__xludf.DUMMYFUNCTION("""COMPUTED_VALUE"""),2.215) -> 2.215 | U34: =IFERROR(__xludf.DUMMYFUNCTION("""COMPUTED_VALUE"""),3.135) -> 3.135 | V34: =IFERROR(__xludf.DUMMYFUNCTION("""COMPUTED_VALUE"""),3.20166666666666) -> 3.2016667 | W34: =IFERROR(__xludf.DUMMYFUNCTION("""COMPUTED_VALUE"""),4.05944444444444) -> 4.0594444 | X34: =IFERROR(__xludf.DUMMYFUNCTION("""COMPUTED_VALUE"""),0.857777777777777) -> 0.85777778 | Y34: =IFERROR(__xludf.DUMMYFUNCTION("""COMPUTED_VALUE"""),4.085) -> 4.085 | Z34: =IFERROR(__xludf.DUMMYFUNCTION("""COMPUTED_VALUE"""),2.05499999999999) -> 2.055 | AA34: =IFERROR(__xludf.DUMMYFUNCTION("""COMPUTED_VALUE"""),1.13611111111111) -> 1.1361111 | AB34: =IFERROR(__xludf.DUMMYFUNCTION("""COMPUTED_VALUE"""),4.32277777777777) -> 4.3227778 | AC34: =IFERROR(__xludf.DUMMYFUNCTION("""COMPUTED_VALUE"""),4.32277777777777) -> 4.3227778 | AD34: =IFERROR(__xludf.DUMMYFUNCTION("""COMPUTED_VALUE"""),1.18388888888888) -> 1.1838889 | AE34: =IFERROR(__xludf.DUMMYFUNCTION("""COMPUTED_VALUE"""),4.32277777777777) -> 4.3227778 | AF34: =IFERROR(__xludf.DUMMYFUNCTION("""COMPUTED_VALUE"""),10.0) -> 10
A35: =IFERROR(__xludf.DUMMYFUNCTION("""COMPUTED_VALUE"""),46146.0) -> 46146 | B35: =IFERROR(__xludf.DUMMYFUNCTION("""COMPUTED_VALUE"""),"5baf4c80faf4b2d4eb9401a1d0081872e0158e89") -> 5baf4c80faf4b2d4eb9401a1d0081872e0158e89 | C35: =IFERROR(__xludf.DUMMYFUNCTION("""COMPUTED_VALUE"""),"Brahmyodha : The Destroyer - Production showId") -> Brahmyodha : The Destroyer - Production showId | D35: =IFERROR(__xludf.DUMMYFUNCTION("""COMPUTED_VALUE"""),15.0) -> 15 | E35: =IFERROR(__xludf.DUMMYFUNCTION("""COMPUTED_VALUE"""),20.0) -> 20 | F35: =IFERROR(__xludf.DUMMYFUNCTION("""COMPUTED_VALUE"""),17.0) -> 17 | G35: =IFERROR(__xludf.DUMMYFUNCTION("""COMPUTED_VALUE"""),0.0) -> 0 | H35: =IFERROR(__xludf.DUMMYFUNCTION("""COMPUTED_VALUE"""),23.0) -> 23 | I35: =IFERROR(__xludf.DUMMYFUNCTION("""COMPUTED_VALUE"""),6.0) -> 6 | J35: =IFERROR(__xludf.DUMMYFUNCTION("""COMPUTED_VALUE"""),24.0) -> 24 | K35: =IFERROR(__xludf.DUMMYFUNCTION("""COMPUTED_VALUE"""),1.0) -> 1 | L35: =IFERROR(__xludf.DUMMYFUNCTION("""COMPUTED_VALUE"""),0.0) -> 0 | M35: =IFERROR(__xludf.DUMMYFUNCTION("""COMPUTED_VALUE"""),24.0) -> 24 | N35: =IFERROR(__xludf.DUMMYFUNCTION("""COMPUTED_VALUE"""),24.0) -> 24 | O35: =IFERROR(__xludf.DUMMYFUNCTION("""COMPUTED_VALUE"""),5.0) -> 5 | P35: =IFERROR(__xludf.DUMMYFUNCTION("""COMPUTED_VALUE"""),24.0) -> 24 | Q35: =IFERROR(__xludf.DUMMYFUNCTION("""COMPUTED_VALUE"""),0.0) -> 0 | R35: =IFERROR(__xludf.DUMMYFUNCTION("""COMPUTED_VALUE"""),35976.0) -> 35976 | S35: =IFERROR(__xludf.DUMMYFUNCTION("""COMPUTED_VALUE"""),47528.0) -> 47528 | T35: =IFERROR(__xludf.DUMMYFUNCTION("""COMPUTED_VALUE"""),4.05111111111111) -> 4.0511111 | U35: =IFERROR(__xludf.DUMMYFUNCTION("""COMPUTED_VALUE"""),3.83583333333333) -> 3.8358333 | V35: =IFERROR(__xludf.DUMMYFUNCTION("""COMPUTED_VALUE"""),0.0) -> 0 | W35: =IFERROR(__xludf.DUMMYFUNCTION("""COMPUTED_VALUE"""),5.18527777777777) -> 5.1852778 | X35: =IFERROR(__xludf.DUMMYFUNCTION("""COMPUTED_VALUE"""),1.33027777777777) -> 1.3302778 | Y35: =IFERROR(__xludf.DUMMYFUNCTION("""COMPUTED_VALUE"""),5.42222222222222) -> 5.4222222 | Z35: =IFERROR(__xludf.DUMMYFUNCTION("""COMPUTED_VALUE"""),0.242777777777777) -> 0.24277778 | AA35: =IFERROR(__xludf.DUMMYFUNCTION("""COMPUTED_VALUE"""),0.0) -> 0 | AB35: =IFERROR(__xludf.DUMMYFUNCTION("""COMPUTED_VALUE"""),5.42222222222222) -> 5.4222222 | AC35: =IFERROR(__xludf.DUMMYFUNCTION("""COMPUTED_VALUE"""),5.42222222222222) -> 5.4222222 | AD35: =IFERROR(__xludf.DUMMYFUNCTION("""COMPUTED_VALUE"""),1.08777777777777) -> 1.0877778 | AE35: =IFERROR(__xludf.DUMMYFUNCTION("""COMPUTED_VALUE"""),5.42222222222222) -> 5.4222222 | AF35: =IFERROR(__xludf.DUMMYFUNCTION("""COMPUTED_VALUE"""),18.0) -> 18
A36: =IFERROR(__xludf.DUMMYFUNCTION("""COMPUTED_VALUE"""),46146.0) -> 46146 | B36: =IFERROR(__xludf.DUMMYFUNCTION("""COMPUTED_VALUE"""),"641b6f77fd211e92df35a3bcbab67e6879e19a66") -> 641b6f77fd211e92df35a3bcbab67e6879e19a66 | C36: =IFERROR(__xludf.DUMMYFUNCTION("""COMPUTED_VALUE"""),"Mahagatha | महागाथा | Author - S. Mauryavanshi") -> Mahagatha | महागाथा | Author - S. Mauryavanshi | D36: =IFERROR(__xludf.DUMMYFUNCTION("""COMPUTED_VALUE"""),91.0) -> 91 | E36: =IFERROR(__xludf.DUMMYFUNCTION("""COMPUTED_VALUE"""),91.0) -> 91 | F36: =IFERROR(__xludf.DUMMYFUNCTION("""COMPUTED_VALUE"""),0.0) -> 0 | G36: =IFERROR(__xludf.DUMMYFUNCTION("""COMPUTED_VALUE"""),0.0) -> 0 | H36: =IFERROR(__xludf.DUMMYFUNCTION("""COMPUTED_VALUE"""),0.0) -> 0 | I36: =IFERROR(__xludf.DUMMYFUNCTION("""COMPUTED_VALUE"""),0.0) -> 0 | J36: =IFERROR(__xludf.DUMMYFUNCTION("""COMPUTED_VALUE"""),0.0) -> 0 | K36: =IFERROR(__xludf.DUMMYFUNCTION("""COMPUTED_VALUE"""),0.0) -> 0 | L36: =IFERROR(__xludf.DUMMYFUNCTION("""COMPUTED_VALUE"""),0.0) -> 0 | M36: =IFERROR(__xludf.DUMMYFUNCTION("""COMPUTED_VALUE"""),0.0) -> 0 | N36: =IFERROR(__xludf.DUMMYFUNCTION("""COMPUTED_VALUE"""),91.0) -> 91 | O36: =IFERROR(__xludf.DUMMYFUNCTION("""COMPUTED_VALUE"""),6.0) -> 6 | P36: =IFERROR(__xludf.DUMMYFUNCTION("""COMPUTED_VALUE"""),91.0) -> 91 | Q36: =IFERROR(__xludf.DUMMYFUNCTION("""COMPUTED_VALUE"""),0.0) -> 0 | R36: =IFERROR(__xludf.DUMMYFUNCTION("""COMPUTED_VALUE"""),285802.0) -> 285802 | S36: =IFERROR(__xludf.DUMMYFUNCTION("""COMPUTED_VALUE"""),285802.0) -> 285802 | T36: =IFERROR(__xludf.DUMMYFUNCTION("""COMPUTED_VALUE"""),0.0) -> 0 | U36: =IFERROR(__xludf.DUMMYFUNCTION("""COMPUTED_VALUE"""),0.0) -> 0 | V36: =IFERROR(__xludf.DUMMYFUNCTION("""COMPUTED_VALUE"""),0.0) -> 0 | W36: =IFERROR(__xludf.DUMMYFUNCTION("""COMPUTED_VALUE"""),0.0) -> 0 | X36: =IFERROR(__xludf.DUMMYFUNCTION("""COMPUTED_VALUE"""),0.0) -> 0 | Y36: =IFERROR(__xludf.DUMMYFUNCTION("""COMPUTED_VALUE"""),0.0) -> 0 | Z36: =IFERROR(__xludf.DUMMYFUNCTION("""COMPUTED_VALUE"""),0.0) -> 0 | AA36: =IFERROR(__xludf.DUMMYFUNCTION("""COMPUTED_VALUE"""),0.0) -> 0 | AB36: =IFERROR(__xludf.DUMMYFUNCTION("""COMPUTED_VALUE"""),0.0) -> 0 | AC36: =IFERROR(__xludf.DUMMYFUNCTION("""COMPUTED_VALUE"""),32.4522222222222) -> 32.452222 | AD36: =IFERROR(__xludf.DUMMYFUNCTION("""COMPUTED_VALUE"""),1.39416666666666) -> 1.3941667 | AE36: =IFERROR(__xludf.DUMMYFUNCTION("""COMPUTED_VALUE"""),32.4522222222222) -> 32.452222 | AF36: =IFERROR(__xludf.DUMMYFUNCTION("""COMPUTED_VALUE"""),0.0) -> 0
A37: =IFERROR(__xludf.DUMMYFUNCTION("""COMPUTED_VALUE"""),46146.0) -> 46146 | B37: =IFERROR(__xludf.DUMMYFUNCTION("""COMPUTED_VALUE"""),"661dba879cabc615ad2774813367b442a8ba7a6c") -> 661dba879cabc615ad2774813367b442a8ba7a6c | C37: =IFERROR(__xludf.DUMMYFUNCTION("""COMPUTED_VALUE"""),"My Devil Wife -Production Id") -> My Devil Wife -Production Id | D37: =IFERROR(__xludf.DUMMYFUNCTION("""COMPUTED_VALUE"""),13.0) -> 13 | E37: =IFERROR(__xludf.DUMMYFUNCTION("""COMPUTED_VALUE"""),0.0) -> 0 | F37: =IFERROR(__xludf.DUMMYFUNCTION("""COMPUTED_VALUE"""),0.0) -> 0 | G37: =IFERROR(__xludf.DUMMYFUNCTION("""COMPUTED_VALUE"""),0.0) -> 0 | H37: =IFERROR(__xludf.DUMMYFUNCTION("""COMPUTED_VALUE"""),0.0) -> 0 | I37: =IFERROR(__xludf.DUMMYFUNCTION("""COMPUTED_VALUE"""),0.0) -> 0 | J37: =IFERROR(__xludf.DUMMYFUNCTION("""COMPUTED_VALUE"""),0.0) -> 0 | K37: =IFERROR(__xludf.DUMMYFUNCTION("""COMPUTED_VALUE"""),0.0) -> 0 | L37: =IFERROR(__xludf.DUMMYFUNCTION("""COMPUTED_VALUE"""),0.0) -> 0 | ... Q37: =IFERROR(__xludf.DUMMYFUNCTION("""COMPUTED_VALUE"""),0.0) -> 0 | R37: =IFERROR(__xludf.DUMMYFUNCTION("""COMPUTED_VALUE"""),30909.0) -> 30909 | S37: =IFERROR(__xludf.DUMMYFUNCTION("""COMPUTED_VALUE"""),0.0) -> 0 | T37: =IFERROR(__xludf.DUMMYFUNCTION("""COMPUTED_VALUE"""),0.0) -> 0 | U37: =IFERROR(__xludf.DUMMYFUNCTION("""COMPUTED_VALUE"""),0.0) -> 0 | V37: =IFERROR(__xludf.DUMMYFUNCTION("""COMPUTED_VALUE"""),0.0) -> 0 | W37: =IFERROR(__xludf.DUMMYFUNCTION("""COMPUTED_VALUE"""),0.0) -> 0 | X37: =IFERROR(__xludf.DUMMYFUNCTION("""COMPUTED_VALUE"""),0.0) -> 0 | Y37: =IFERROR(__xludf.DUMMYFUNCTION("""COMPUTED_VALUE"""),0.0) -> 0 | Z37: =IFERROR(__xludf.DUMMYFUNCTION("""COMPUTED_VALUE"""),0.0) -> 0 | ... AF37: =IFERROR(__xludf.DUMMYFUNCTION("""COMPUTED_VALUE"""),0.0) -> 0
A38: =IFERROR(__xludf.DUMMYFUNCTION("""COMPUTED_VALUE"""),46146.0) -> 46146 | B38: =IFERROR(__xludf.DUMMYFUNCTION("""COMPUTED_VALUE"""),"6867922e795be5da6320ef1d28567452800209ba") -> 6867922e795be5da6320ef1d28567452800209ba | C38: =IFERROR(__xludf.DUMMYFUNCTION("""COMPUTED_VALUE"""),"The Dimension God - Production Id") -> The Dimension God - Production Id | D38: =IFERROR(__xludf.DUMMYFUNCTION("""COMPUTED_VALUE"""),30.0) -> 30 | E38: =IFERROR(__xludf.DUMMYFUNCTION("""COMPUTED_VALUE"""),5.0) -> 5 | F38: =IFERROR(__xludf.DUMMYFUNCTION("""COMPUTED_VALUE"""),0.0) -> 0 | G38: =IFERROR(__xludf.DUMMYFUNCTION("""COMPUTED_VALUE"""),0.0) -> 0 | H38: =IFERROR(__xludf.DUMMYFUNCTION("""COMPUTED_VALUE"""),0.0) -> 0 | I38: =IFERROR(__xludf.DUMMYFUNCTION("""COMPUTED_VALUE"""),0.0) -> 0 | J38: =IFERROR(__xludf.DUMMYFUNCTION("""COMPUTED_VALUE"""),0.0) -> 0 | K38: =IFERROR(__xludf.DUMMYFUNCTION("""COMPUTED_VALUE"""),0.0) -> 0 | L38: =IFERROR(__xludf.DUMMYFUNCTION("""COMPUTED_VALUE"""),0.0) -> 0 | M38: =IFERROR(__xludf.DUMMYFUNCTION("""COMPUTED_VALUE"""),5.0) -> 5 | N38: =IFERROR(__xludf.DUMMYFUNCTION("""COMPUTED_VALUE"""),5.0) -> 5 | O38: =IFERROR(__xludf.DUMMYFUNCTION("""COMPUTED_VALUE"""),3.0) -> 3 | P38: =IFERROR(__xludf.DUMMYFUNCTION("""COMPUTED_VALUE"""),5.0) -> 5 | Q38: =IFERROR(__xludf.DUMMYFUNCTION("""COMPUTED_VALUE"""),0.0) -> 0 | R38: =IFERROR(__xludf.DUMMYFUNCTION("""COMPUTED_VALUE"""),72191.0) -> 72191 | S38: =IFERROR(__xludf.DUMMYFUNCTION("""COMPUTED_VALUE"""),12432.0) -> 12432 | T38: =IFERROR(__xludf.DUMMYFUNCTION("""COMPUTED_VALUE"""),0.275277777777777) -> 0.27527778 | U38: =IFERROR(__xludf.DUMMYFUNCTION("""COMPUTED_VALUE"""),0.0) -> 0 | V38: =IFERROR(__xludf.DUMMYFUNCTION("""COMPUTED_VALUE"""),0.0) -> 0 | W38: =IFERROR(__xludf.DUMMYFUNCTION("""COMPUTED_VALUE"""),0.0) -> 0 | X38: =IFERROR(__xludf.DUMMYFUNCTION("""COMPUTED_VALUE"""),0.0) -> 0 | Y38: =IFERROR(__xludf.DUMMYFUNCTION("""COMPUTED_VALUE"""),0.0) -> 0 | Z38: =IFERROR(__xludf.DUMMYFUNCTION("""COMPUTED_VALUE"""),0.0) -> 0 | AA38: =IFERROR(__xludf.DUMMYFUNCTION("""COMPUTED_VALUE"""),0.0) -> 0 | AB38: =IFERROR(__xludf.DUMMYFUNCTION("""COMPUTED_VALUE"""),1.29) -> 1.29 | AC38: =IFERROR(__xludf.DUMMYFUNCTION("""COMPUTED_VALUE"""),1.29) -> 1.29 | AD38: =IFERROR(__xludf.DUMMYFUNCTION("""COMPUTED_VALUE"""),0.777222222222222) -> 0.77722222 | AE38: =IFERROR(__xludf.DUMMYFUNCTION("""COMPUTED_VALUE"""),1.29) -> 1.29 | AF38: =IFERROR(__xludf.DUMMYFUNCTION("""COMPUTED_VALUE"""),1.0) -> 1
A39: =IFERROR(__xludf.DUMMYFUNCTION("""COMPUTED_VALUE"""),46146.0) -> 46146 | B39: =IFERROR(__xludf.DUMMYFUNCTION("""COMPUTED_VALUE"""),"6b246320a4c5853ce55127d5e00ee8805a97659a") -> 6b246320a4c5853ce55127d5e00ee8805a97659a | C39: =IFERROR(__xludf.DUMMYFUNCTION("""COMPUTED_VALUE"""),"Mystic Fate System - Production Show_id") -> Mystic Fate System - Production Show_id | D39: =IFERROR(__xludf.DUMMYFUNCTION("""COMPUTED_VALUE"""),0.0) -> 0 | E39: =IFERROR(__xludf.DUMMYFUNCTION("""COMPUTED_VALUE"""),0.0) -> 0 | F39: =IFERROR(__xludf.DUMMYFUNCTION("""COMPUTED_VALUE"""),0.0) -> 0 | G39: =IFERROR(__xludf.DUMMYFUNCTION("""COMPUTED_VALUE"""),0.0) -> 0 | H39: =IFERROR(__xludf.DUMMYFUNCTION("""COMPUTED_VALUE"""),0.0) -> 0 | I39: =IFERROR(__xludf.DUMMYFUNCTION("""COMPUTED_VALUE"""),0.0) -> 0 | J39: =IFERROR(__xludf.DUMMYFUNCTION("""COMPUTED_VALUE"""),1.0) -> 1 | K39: =IFERROR(__xludf.DUMMYFUNCTION("""COMPUTED_VALUE"""),0.0) -> 0 | L39: =IFERROR(__xludf.DUMMYFUNCTION("""COMPUTED_VALUE"""),0.0) -> 0 | M39: =IFERROR(__xludf.DUMMYFUNCTION("""COMPUTED_VALUE"""),1.0) -> 1 | N39: =IFERROR(__xludf.DUMMYFUNCTION("""COMPUTED_VALUE"""),1.0) -> 1 | O39: =IFERROR(__xludf.DUMMYFUNCTION("""COMPUTED_VALUE"""),1.0) -> 1 | P39: =IFERROR(__xludf.DUMMYFUNCTION("""COMPUTED_VALUE"""),1.0) -> 1 | Q39: =IFERROR(__xludf.DUMMYFUNCTION("""COMPUTED_VALUE"""),0.0) -> 0 | R39: =IFERROR(__xludf.DUMMYFUNCTION("""COMPUTED_VALUE"""),0.0) -> 0 | S39: =IFERROR(__xludf.DUMMYFUNCTION("""COMPUTED_VALUE"""),0.0) -> 0 | T39: =IFERROR(__xludf.DUMMYFUNCTION("""COMPUTED_VALUE"""),0.0) -> 0 | U39: =IFERROR(__xludf.DUMMYFUNCTION("""COMPUTED_VALUE"""),0.0) -> 0 | V39: =IFERROR(__xludf.DUMMYFUNCTION("""COMPUTED_VALUE"""),0.0) -> 0 | W39: =IFERROR(__xludf.DUMMYFUNCTION("""COMPUTED_VALUE"""),0.0) -> 0 | X39: =IFERROR(__xludf.DUMMYFUNCTION("""COMPUTED_VALUE"""),0.0) -> 0 | Y39: =IFERROR(__xludf.DUMMYFUNCTION("""COMPUTED_VALUE"""),0.245833333333333) -> 0.24583333 | Z39: =IFERROR(__xludf.DUMMYFUNCTION("""COMPUTED_VALUE"""),0.0) -> 0 | AA39: =IFERROR(__xludf.DUMMYFUNCTION("""COMPUTED_VALUE"""),0.0) -> 0 | AB39: =IFERROR(__xludf.DUMMYFUNCTION("""COMPUTED_VALUE"""),0.245833333333333) -> 0.24583333 | AC39: =IFERROR(__xludf.DUMMYFUNCTION("""COMPUTED_VALUE"""),0.245833333333333) -> 0.24583333 | AD39: =IFERROR(__xludf.DUMMYFUNCTION("""COMPUTED_VALUE"""),0.243888888888888) -> 0.24388889 | AE39: =IFERROR(__xludf.DUMMYFUNCTION("""COMPUTED_VALUE"""),0.245833333333333) -> 0.24583333 | AF39: =IFERROR(__xludf.DUMMYFUNCTION("""COMPUTED_VALUE"""),0.0) -> 0
A40: =IFERROR(__xludf.DUMMYFUNCTION("""COMPUTED_VALUE"""),46146.0) -> 46146 | B40: =IFERROR(__xludf.DUMMYFUNCTION("""COMPUTED_VALUE"""),"773d29931b435627d0ca406e1ea1425e9a1dbcb6") -> 773d29931b435627d0ca406e1ea1425e9a1dbcb6 | C40: =IFERROR(__xludf.DUMMYFUNCTION("""COMPUTED_VALUE"""),"Mahagatha - Production") -> Mahagatha - Production | D40: =IFERROR(__xludf.DUMMYFUNCTION("""COMPUTED_VALUE"""),18.0) -> 18 | E40: =IFERROR(__xludf.DUMMYFUNCTION("""COMPUTED_VALUE"""),22.0) -> 22 | F40: =IFERROR(__xludf.DUMMYFUNCTION("""COMPUTED_VALUE"""),0.0) -> 0 | G40: =IFERROR(__xludf.DUMMYFUNCTION("""COMPUTED_VALUE"""),0.0) -> 0 | H40: =IFERROR(__xludf.DUMMYFUNCTION("""COMPUTED_VALUE"""),19.0) -> 19 | I40: =IFERROR(__xludf.DUMMYFUNCTION("""COMPUTED_VALUE"""),19.0) -> 19 | J40: =IFERROR(__xludf.DUMMYFUNCTION("""COMPUTED_VALUE"""),16.0) -> 16 | K40: =IFERROR(__xludf.DUMMYFUNCTION("""COMPUTED_VALUE"""),11.0) -> 11 | L40: =IFERROR(__xludf.DUMMYFUNCTION("""COMPUTED_VALUE"""),1.0) -> 1 | M40: =IFERROR(__xludf.DUMMYFUNCTION("""COMPUTED_VALUE"""),15.0) -> 15 | N40: =IFERROR(__xludf.DUMMYFUNCTION("""COMPUTED_VALUE"""),15.0) -> 15 | O40: =IFERROR(__xludf.DUMMYFUNCTION("""COMPUTED_VALUE"""),6.0) -> 6 | P40: =IFERROR(__xludf.DUMMYFUNCTION("""COMPUTED_VALUE"""),15.0) -> 15 | Q40: =IFERROR(__xludf.DUMMYFUNCTION("""COMPUTED_VALUE"""),0.0) -> 0 | R40: =IFERROR(__xludf.DUMMYFUNCTION("""COMPUTED_VALUE"""),45583.0) -> 45583 | S40: =IFERROR(__xludf.DUMMYFUNCTION("""COMPUTED_VALUE"""),50868.0) -> 50868 | T40: =IFERROR(__xludf.DUMMYFUNCTION("""COMPUTED_VALUE"""),3.70777777777777) -> 3.7077778 | U40: =IFERROR(__xludf.DUMMYFUNCTION("""COMPUTED_VALUE"""),0.0) -> 0 | V40: =IFERROR(__xludf.DUMMYFUNCTION("""COMPUTED_VALUE"""),0.0) -> 0 | W40: =IFERROR(__xludf.DUMMYFUNCTION("""COMPUTED_VALUE"""),4.40944444444444) -> 4.4094444 | X40: =IFERROR(__xludf.DUMMYFUNCTION("""COMPUTED_VALUE"""),4.40944444444444) -> 4.4094444 | Y40: =IFERROR(__xludf.DUMMYFUNCTION("""COMPUTED_VALUE"""),3.6675) -> 3.6675 | Z40: =IFERROR(__xludf.DUMMYFUNCTION("""COMPUTED_VALUE"""),2.54361111111111) -> 2.5436111 | AA40: =IFERROR(__xludf.DUMMYFUNCTION("""COMPUTED_VALUE"""),0.241388888888888) -> 0.24138889 | AB40: =IFERROR(__xludf.DUMMYFUNCTION("""COMPUTED_VALUE"""),3.43888888888888) -> 3.4388889 | AC40: =IFERROR(__xludf.DUMMYFUNCTION("""COMPUTED_VALUE"""),3.43888888888888) -> 3.4388889 | AD40: =IFERROR(__xludf.DUMMYFUNCTION("""COMPUTED_VALUE"""),1.35694444444444) -> 1.3569444 | AE40: =IFERROR(__xludf.DUMMYFUNCTION("""COMPUTED_VALUE"""),3.43888888888888) -> 3.4388889 | AF40: =IFERROR(__xludf.DUMMYFUNCTION("""COMPUTED_VALUE"""),16.0) -> 16
A41: =IFERROR(__xludf.DUMMYFUNCTION("""COMPUTED_VALUE"""),46146.0) -> 46146 | B41: =IFERROR(__xludf.DUMMYFUNCTION("""COMPUTED_VALUE"""),"7ea3277f02ef13c60cfa72336d009bf7ee6c17e8") -> 7ea3277f02ef13c60cfa72336d009bf7ee6c17e8 | C41: =IFERROR(__xludf.DUMMYFUNCTION("""COMPUTED_VALUE"""),"Saaya the Dark Love - Production Show_id") -> Saaya the Dark Love - Production Show_id | D41: =IFERROR(__xludf.DUMMYFUNCTION("""COMPUTED_VALUE"""),12.0) -> 12 | E41: =IFERROR(__xludf.DUMMYFUNCTION("""COMPUTED_VALUE"""),13.0) -> 13 | F41: =IFERROR(__xludf.DUMMYFUNCTION("""COMPUTED_VALUE"""),0.0) -> 0 | G41: =IFERROR(__xludf.DUMMYFUNCTION("""COMPUTED_VALUE"""),0.0) -> 0 | H41: =IFERROR(__xludf.DUMMYFUNCTION("""COMPUTED_VALUE"""),10.0) -> 10 | I41: =IFERROR(__xludf.DUMMYFUNCTION("""COMPUTED_VALUE"""),7.0) -> 7 | J41: =IFERROR(__xludf.DUMMYFUNCTION("""COMPUTED_VALUE"""),10.0) -> 10 | K41: =IFERROR(__xludf.DUMMYFUNCTION("""COMPUTED_VALUE"""),8.0) -> 8 | L41: =IFERROR(__xludf.DUMMYFUNCTION("""COMPUTED_VALUE"""),3.0) -> 3 | M41: =IFERROR(__xludf.DUMMYFUNCTION("""COMPUTED_VALUE"""),11.0) -> 11 | N41: =IFERROR(__xludf.DUMMYFUNCTION("""COMPUTED_VALUE"""),11.0) -> 11 | O41: =IFERROR(__xludf.DUMMYFUNCTION("""COMPUTED_VALUE"""),6.0) -> 6 | P41: =IFERROR(__xludf.DUMMYFUNCTION("""COMPUTED_VALUE"""),11.0) -> 11 | Q41: =IFERROR(__xludf.DUMMYFUNCTION("""COMPUTED_VALUE"""),0.0) -> 0 | R41: =IFERROR(__xludf.DUMMYFUNCTION("""COMPUTED_VALUE"""),24413.0) -> 24413 | S41: =IFERROR(__xludf.DUMMYFUNCTION("""COMPUTED_VALUE"""),25922.0) -> 25922 | T41: =IFERROR(__xludf.DUMMYFUNCTION("""COMPUTED_VALUE"""),1.94305555555555) -> 1.9430556 | U41: =IFERROR(__xludf.DUMMYFUNCTION("""COMPUTED_VALUE"""),0.0) -> 0 | V41: =IFERROR(__xludf.DUMMYFUNCTION("""COMPUTED_VALUE"""),0.0) -> 0 | W41: =IFERROR(__xludf.DUMMYFUNCTION("""COMPUTED_VALUE"""),2.34861111111111) -> 2.3486111 | X41: =IFERROR(__xludf.DUMMYFUNCTION("""COMPUTED_VALUE"""),1.59361111111111) -> 1.5936111 | Y41: =IFERROR(__xludf.DUMMYFUNCTION("""COMPUTED_VALUE"""),2.35555555555555) -> 2.3555556 | Z41: =IFERROR(__xludf.DUMMYFUNCTION("""COMPUTED_VALUE"""),1.84638888888888) -> 1.8463889 | AA41: =IFERROR(__xludf.DUMMYFUNCTION("""COMPUTED_VALUE"""),0.775833333333333) -> 0.77583333 | AB41: =IFERROR(__xludf.DUMMYFUNCTION("""COMPUTED_VALUE"""),2.5875) -> 2.5875 | AC41: =IFERROR(__xludf.DUMMYFUNCTION("""COMPUTED_VALUE"""),2.5875) -> 2.5875 | AD41: =IFERROR(__xludf.DUMMYFUNCTION("""COMPUTED_VALUE"""),1.30416666666666) -> 1.3041667 | AE41: =IFERROR(__xludf.DUMMYFUNCTION("""COMPUTED_VALUE"""),2.5875) -> 2.5875 | AF41: =IFERROR(__xludf.DUMMYFUNCTION("""COMPUTED_VALUE"""),9.0) -> 9
A42: =IFERROR(__xludf.DUMMYFUNCTION("""COMPUTED_VALUE"""),46146.0) -> 46146 | B42: =IFERROR(__xludf.DUMMYFUNCTION("""COMPUTED_VALUE"""),"859785ba4869b28dddcfcb0e75295d1e1ad9b5a9") -> 859785ba4869b28dddcfcb0e75295d1e1ad9b5a9 | C42: =IFERROR(__xludf.DUMMYFUNCTION("""COMPUTED_VALUE"""),"King of Dragon | किंग ऑफ ड्रैगन | Author - Nitesh") -> King of Dragon | किंग ऑफ ड्रैगन | Author - Nitesh | D42: =IFERROR(__xludf.DUMMYFUNCTION("""COMPUTED_VALUE"""),0.0) -> 0 | E42: =IFERROR(__xludf.DUMMYFUNCTION("""COMPUTED_VALUE"""),0.0) -> 0 | F42: =IFERROR(__xludf.DUMMYFUNCTION("""COMPUTED_VALUE"""),0.0) -> 0 | G42: =IFERROR(__xludf.DUMMYFUNCTION("""COMPUTED_VALUE"""),0.0) -> 0 | H42: =IFERROR(__xludf.DUMMYFUNCTION("""COMPUTED_VALUE"""),0.0) -> 0 | I42: =IFERROR(__xludf.DUMMYFUNCTION("""COMPUTED_VALUE"""),0.0) -> 0 | J42: =IFERROR(__xludf.DUMMYFUNCTION("""COMPUTED_VALUE"""),0.0) -> 0 | K42: =IFERROR(__xludf.DUMMYFUNCTION("""COMPUTED_VALUE"""),0.0) -> 0 | ... O42: =IFERROR(__xludf.DUMMYFUNCTION("""COMPUTED_VALUE"""),0.0) -> 0 | P42: =IFERROR(__xludf.DUMMYFUNCTION("""COMPUTED_VALUE"""),6.0) -> 6 | Q42: =IFERROR(__xludf.DUMMYFUNCTION("""COMPUTED_VALUE"""),0.0) -> 0 | R42: =IFERROR(__xludf.DUMMYFUNCTION("""COMPUTED_VALUE"""),0.0) -> 0 | S42: =IFERROR(__xludf.DUMMYFUNCTION("""COMPUTED_VALUE"""),0.0) -> 0 | T42: =IFERROR(__xludf.DUMMYFUNCTION("""COMPUTED_VALUE"""),0.0) -> 0 | U42: =IFERROR(__xludf.DUMMYFUNCTION("""COMPUTED_VALUE"""),0.0) -> 0 | V42: =IFERROR(__xludf.DUMMYFUNCTION("""COMPUTED_VALUE"""),0.0) -> 0 | W42: =IFERROR(__xludf.DUMMYFUNCTION("""COMPUTED_VALUE"""),0.0) -> 0 | X42: =IFERROR(__xludf.DUMMYFUNCTION("""COMPUTED_VALUE"""),0.0) -> 0 | ... AD42: =IFERROR(__xludf.DUMMYFUNCTION("""COMPUTED_VALUE"""),0.0) -> 0 | AE42: =IFERROR(__xludf.DUMMYFUNCTION("""COMPUTED_VALUE"""),1.60194444444444) -> 1.6019444 | AF42: =IFERROR(__xludf.DUMMYFUNCTION("""COMPUTED_VALUE"""),0.0) -> 0
A43: =IFERROR(__xludf.DUMMYFUNCTION("""COMPUTED_VALUE"""),46146.0) -> 46146 | B43: =IFERROR(__xludf.DUMMYFUNCTION("""COMPUTED_VALUE"""),"96f1f89e4494e06fb7f9e3c4645563fa62ef9320") -> 96f1f89e4494e06fb7f9e3c4645563fa62ef9320 | C43: =IFERROR(__xludf.DUMMYFUNCTION("""COMPUTED_VALUE"""),"King of Dragon - Production Show_id") -> King of Dragon - Production Show_id | D43: =IFERROR(__xludf.DUMMYFUNCTION("""COMPUTED_VALUE"""),12.0) -> 12 | E43: =IFERROR(__xludf.DUMMYFUNCTION("""COMPUTED_VALUE"""),13.0) -> 13 | F43: =IFERROR(__xludf.DUMMYFUNCTION("""COMPUTED_VALUE"""),21.0) -> 21 | G43: =IFERROR(__xludf.DUMMYFUNCTION("""COMPUTED_VALUE"""),16.0) -> 16 | H43: =IFERROR(__xludf.DUMMYFUNCTION("""COMPUTED_VALUE"""),17.0) -> 17 | I43: =IFERROR(__xludf.DUMMYFUNCTION("""COMPUTED_VALUE"""),2.0) -> 2 | J43: =IFERROR(__xludf.DUMMYFUNCTION("""COMPUTED_VALUE"""),17.0) -> 17 | K43: =IFERROR(__xludf.DUMMYFUNCTION("""COMPUTED_VALUE"""),15.0) -> 15 | L43: =IFERROR(__xludf.DUMMYFUNCTION("""COMPUTED_VALUE"""),0.0) -> 0 | M43: =IFERROR(__xludf.DUMMYFUNCTION("""COMPUTED_VALUE"""),17.0) -> 17 | N43: =IFERROR(__xludf.DUMMYFUNCTION("""COMPUTED_VALUE"""),17.0) -> 17 | O43: =IFERROR(__xludf.DUMMYFUNCTION("""COMPUTED_VALUE"""),5.0) -> 5 | P43: =IFERROR(__xludf.DUMMYFUNCTION("""COMPUTED_VALUE"""),17.0) -> 17 | Q43: =IFERROR(__xludf.DUMMYFUNCTION("""COMPUTED_VALUE"""),0.0) -> 0 | R43: =IFERROR(__xludf.DUMMYFUNCTION("""COMPUTED_VALUE"""),28878.0) -> 28878 | S43: =IFERROR(__xludf.DUMMYFUNCTION("""COMPUTED_VALUE"""),30978.0) -> 30978 | T43: =IFERROR(__xludf.DUMMYFUNCTION("""COMPUTED_VALUE"""),4.18111111111111) -> 4.1811111 | U43: =IFERROR(__xludf.DUMMYFUNCTION("""COMPUTED_VALUE"""),5.48527777777777) -> 5.4852778 | V43: =IFERROR(__xludf.DUMMYFUNCTION("""COMPUTED_VALUE"""),4.18833333333333) -> 4.1883333 | W43: =IFERROR(__xludf.DUMMYFUNCTION("""COMPUTED_VALUE"""),4.47388888888888) -> 4.4738889 | X43: =IFERROR(__xludf.DUMMYFUNCTION("""COMPUTED_VALUE"""),0.568055555555555) -> 0.56805556 | Y43: =IFERROR(__xludf.DUMMYFUNCTION("""COMPUTED_VALUE"""),4.47444444444444) -> 4.4744444 | Z43: =IFERROR(__xludf.DUMMYFUNCTION("""COMPUTED_VALUE"""),3.92638888888889) -> 3.9263889 | AA43: =IFERROR(__xludf.DUMMYFUNCTION("""COMPUTED_VALUE"""),0.0) -> 0 | AB43: =IFERROR(__xludf.DUMMYFUNCTION("""COMPUTED_VALUE"""),4.47444444444444) -> 4.4744444 | AC43: =IFERROR(__xludf.DUMMYFUNCTION("""COMPUTED_VALUE"""),4.47444444444444) -> 4.4744444 | AD43: =IFERROR(__xludf.DUMMYFUNCTION("""COMPUTED_VALUE"""),1.41972222222222) -> 1.4197222 | AE43: =IFERROR(__xludf.DUMMYFUNCTION("""COMPUTED_VALUE"""),4.47444444444444) -> 4.4744444 | AF43: =IFERROR(__xludf.DUMMYFUNCTION("""COMPUTED_VALUE"""),16.0) -> 16
A44: =IFERROR(__xludf.DUMMYFUNCTION("""COMPUTED_VALUE"""),46146.0) -> 46146 | B44: =IFERROR(__xludf.DUMMYFUNCTION("""COMPUTED_VALUE"""),"9afaea00813dcb4fc57a46df70a2e3e1066af919") -> 9afaea00813dcb4fc57a46df70a2e3e1066af919 | C44: =IFERROR(__xludf.DUMMYFUNCTION("""COMPUTED_VALUE"""),"My Millionaire System") -> My Millionaire System | D44: =IFERROR(__xludf.DUMMYFUNCTION("""COMPUTED_VALUE"""),20.0) -> 20 | E44: =IFERROR(__xludf.DUMMYFUNCTION("""COMPUTED_VALUE"""),12.0) -> 12 | F44: =IFERROR(__xludf.DUMMYFUNCTION("""COMPUTED_VALUE"""),12.0) -> 12 | G44: =IFERROR(__xludf.DUMMYFUNCTION("""COMPUTED_VALUE"""),12.0) -> 12 | H44: =IFERROR(__xludf.DUMMYFUNCTION("""COMPUTED_VALUE"""),15.0) -> 15 | I44: =IFERROR(__xludf.DUMMYFUNCTION("""COMPUTED_VALUE"""),1.0) -> 1 | J44: =IFERROR(__xludf.DUMMYFUNCTION("""COMPUTED_VALUE"""),17.0) -> 17 | K44: =IFERROR(__xludf.DUMMYFUNCTION("""COMPUTED_VALUE"""),8.0) -> 8 | L44: =IFERROR(__xludf.DUMMYFUNCTION("""COMPUTED_VALUE"""),1.0) -> 1 | M44: =IFERROR(__xludf.DUMMYFUNCTION("""COMPUTED_VALUE"""),14.0) -> 14 | N44: =IFERROR(__xludf.DUMMYFUNCTION("""COMPUTED_VALUE"""),14.0) -> 14 | O44: =IFERROR(__xludf.DUMMYFUNCTION("""COMPUTED_VALUE"""),3.0) -> 3 | P44: =IFERROR(__xludf.DUMMYFUNCTION("""COMPUTED_VALUE"""),14.0) -> 14 | Q44: =IFERROR(__xludf.DUMMYFUNCTION("""COMPUTED_VALUE"""),0.0) -> 0 | R44: =IFERROR(__xludf.DUMMYFUNCTION("""COMPUTED_VALUE"""),43065.0) -> 43065 | S44: =IFERROR(__xludf.DUMMYFUNCTION("""COMPUTED_VALUE"""),27495.0) -> 27495 | T44: =IFERROR(__xludf.DUMMYFUNCTION("""COMPUTED_VALUE"""),2.27444444444444) -> 2.2744444 | U44: =IFERROR(__xludf.DUMMYFUNCTION("""COMPUTED_VALUE"""),2.30638888888888) -> 2.3063889 | V44: =IFERROR(__xludf.DUMMYFUNCTION("""COMPUTED_VALUE"""),2.37) -> 2.37 | W44: =IFERROR(__xludf.DUMMYFUNCTION("""COMPUTED_VALUE"""),2.99833333333333) -> 2.9983333 | X44: =IFERROR(__xludf.DUMMYFUNCTION("""COMPUTED_VALUE"""),0.2225) -> 0.2225 | Y44: =IFERROR(__xludf.DUMMYFUNCTION("""COMPUTED_VALUE"""),3.48305555555555) -> 3.4830556 | Z44: =IFERROR(__xludf.DUMMYFUNCTION("""COMPUTED_VALUE"""),1.76805555555555) -> 1.7680556 | AA44: =IFERROR(__xludf.DUMMYFUNCTION("""COMPUTED_VALUE"""),0.222777777777777) -> 0.22277778 | AB44: =IFERROR(__xludf.DUMMYFUNCTION("""COMPUTED_VALUE"""),2.77416666666666) -> 2.7741667 | AC44: =IFERROR(__xludf.DUMMYFUNCTION("""COMPUTED_VALUE"""),2.77416666666666) -> 2.7741667 | AD44: =IFERROR(__xludf.DUMMYFUNCTION("""COMPUTED_VALUE"""),0.679444444444444) -> 0.67944444 | AE44: =IFERROR(__xludf.DUMMYFUNCTION("""COMPUTED_VALUE"""),2.77416666666666) -> 2.7741667 | AF44: =IFERROR(__xludf.DUMMYFUNCTION("""COMPUTED_VALUE"""),10.0) -> 10
A45: =IFERROR(__xludf.DUMMYFUNCTION("""COMPUTED_VALUE"""),46146.0) -> 46146 | B45: =IFERROR(__xludf.DUMMYFUNCTION("""COMPUTED_VALUE"""),"a3ba65aa427077188e1ad7dbcbcafae266683ca9") -> a3ba65aa427077188e1ad7dbcbcafae266683ca9 | C45: =IFERROR(__xludf.DUMMYFUNCTION("""COMPUTED_VALUE"""),"The Warrior | Author - Dayaram Prajapati") -> The Warrior | Author - Dayaram Prajapati | D45: =IFERROR(__xludf.DUMMYFUNCTION("""COMPUTED_VALUE"""),30.0) -> 30 | E45: =IFERROR(__xludf.DUMMYFUNCTION("""COMPUTED_VALUE"""),30.0) -> 30 | F45: =IFERROR(__xludf.DUMMYFUNCTION("""COMPUTED_VALUE"""),0.0) -> 0 | G45: =IFERROR(__xludf.DUMMYFUNCTION("""COMPUTED_VALUE"""),0.0) -> 0 | H45: =IFERROR(__xludf.DUMMYFUNCTION("""COMPUTED_VALUE"""),0.0) -> 0 | I45: =IFERROR(__xludf.DUMMYFUNCTION("""COMPUTED_VALUE"""),0.0) -> 0 | J45: =IFERROR(__xludf.DUMMYFUNCTION("""COMPUTED_VALUE"""),0.0) -> 0 | K45: =IFERROR(__xludf.DUMMYFUNCTION("""COMPUTED_VALUE"""),0.0) -> 0 | L45: =IFERROR(__xludf.DUMMYFUNCTION("""COMPUTED_VALUE"""),0.0) -> 0 | M45: =IFERROR(__xludf.DUMMYFUNCTION("""COMPUTED_VALUE"""),30.0) -> 30 | N45: =IFERROR(__xludf.DUMMYFUNCTION("""COMPUTED_VALUE"""),30.0) -> 30 | O45: =IFERROR(__xludf.DUMMYFUNCTION("""COMPUTED_VALUE"""),5.0) -> 5 | P45: =IFERROR(__xludf.DUMMYFUNCTION("""COMPUTED_VALUE"""),30.0) -> 30 | Q45: =IFERROR(__xludf.DUMMYFUNCTION("""COMPUTED_VALUE"""),0.0) -> 0 | R45: =IFERROR(__xludf.DUMMYFUNCTION("""COMPUTED_VALUE"""),78873.0) -> 78873 | S45: =IFERROR(__xludf.DUMMYFUNCTION("""COMPUTED_VALUE"""),77906.0) -> 77906 | T45: =IFERROR(__xludf.DUMMYFUNCTION("""COMPUTED_VALUE"""),0.0) -> 0 | U45: =IFERROR(__xludf.DUMMYFUNCTION("""COMPUTED_VALUE"""),0.0) -> 0 | V45: =IFERROR(__xludf.DUMMYFUNCTION("""COMPUTED_VALUE"""),0.0) -> 0 | W45: =IFERROR(__xludf.DUMMYFUNCTION("""COMPUTED_VALUE"""),0.0) -> 0 | X45: =IFERROR(__xludf.DUMMYFUNCTION("""COMPUTED_VALUE"""),0.0) -> 0 | Y45: =IFERROR(__xludf.DUMMYFUNCTION("""COMPUTED_VALUE"""),0.0) -> 0 | Z45: =IFERROR(__xludf.DUMMYFUNCTION("""COMPUTED_VALUE"""),0.0) -> 0 | AA45: =IFERROR(__xludf.DUMMYFUNCTION("""COMPUTED_VALUE"""),0.0) -> 0 | AB45: =IFERROR(__xludf.DUMMYFUNCTION("""COMPUTED_VALUE"""),8.03055555555555) -> 8.0305556 | AC45: =IFERROR(__xludf.DUMMYFUNCTION("""COMPUTED_VALUE"""),7.98305555555555) -> 7.9830556 | AD45: =IFERROR(__xludf.DUMMYFUNCTION("""COMPUTED_VALUE"""),1.19916666666666) -> 1.1991667 | AE45: =IFERROR(__xludf.DUMMYFUNCTION("""COMPUTED_VALUE"""),7.98305555555555) -> 7.9830556 | AF45: =IFERROR(__xludf.DUMMYFUNCTION("""COMPUTED_VALUE"""),0.0) -> 0
A46: =IFERROR(__xludf.DUMMYFUNCTION("""COMPUTED_VALUE"""),46146.0) -> 46146 | B46: =IFERROR(__xludf.DUMMYFUNCTION("""COMPUTED_VALUE"""),"aa81f1feb820ed6f22bd7b22b55890db740929cb") -> aa81f1feb820ed6f22bd7b22b55890db740929cb | C46: =IFERROR(__xludf.DUMMYFUNCTION("""COMPUTED_VALUE"""),"Shunya Samrat") -> Shunya Samrat | D46: =IFERROR(__xludf.DUMMYFUNCTION("""COMPUTED_VALUE"""),0.0) -> 0 | E46: =IFERROR(__xludf.DUMMYFUNCTION("""COMPUTED_VALUE"""),0.0) -> 0 | F46: =IFERROR(__xludf.DUMMYFUNCTION("""COMPUTED_VALUE"""),0.0) -> 0 | G46: =IFERROR(__xludf.DUMMYFUNCTION("""COMPUTED_VALUE"""),0.0) -> 0 | H46: =IFERROR(__xludf.DUMMYFUNCTION("""COMPUTED_VALUE"""),0.0) -> 0 | I46: =IFERROR(__xludf.DUMMYFUNCTION("""COMPUTED_VALUE"""),0.0) -> 0 | J46: =IFERROR(__xludf.DUMMYFUNCTION("""COMPUTED_VALUE"""),0.0) -> 0 | K46: =IFERROR(__xludf.DUMMYFUNCTION("""COMPUTED_VALUE"""),0.0) -> 0 | ... M46: =IFERROR(__xludf.DUMMYFUNCTION("""COMPUTED_VALUE"""),0.0) -> 0 | N46: =IFERROR(__xludf.DUMMYFUNCTION("""COMPUTED_VALUE"""),50.0) -> 50 | O46: =IFERROR(__xludf.DUMMYFUNCTION("""COMPUTED_VALUE"""),5.0) -> 5 | P46: =IFERROR(__xludf.DUMMYFUNCTION("""COMPUTED_VALUE"""),50.0) -> 50 | Q46: =IFERROR(__xludf.DUMMYFUNCTION("""COMPUTED_VALUE"""),0.0) -> 0 | R46: =IFERROR(__xludf.DUMMYFUNCTION("""COMPUTED_VALUE"""),0.0) -> 0 | S46: =IFERROR(__xludf.DUMMYFUNCTION("""COMPUTED_VALUE"""),0.0) -> 0 | T46: =IFERROR(__xludf.DUMMYFUNCTION("""COMPUTED_VALUE"""),0.0) -> 0 | U46: =IFERROR(__xludf.DUMMYFUNCTION("""COMPUTED_VALUE"""),0.0) -> 0 | V46: =IFERROR(__xludf.DUMMYFUNCTION("""COMPUTED_VALUE"""),0.0) -> 0 | W46: =IFERROR(__xludf.DUMMYFUNCTION("""COMPUTED_VALUE"""),0.0) -> 0 | X46: =IFERROR(__xludf.DUMMYFUNCTION("""COMPUTED_VALUE"""),0.0) -> 0 | ... AB46: =IFERROR(__xludf.DUMMYFUNCTION("""COMPUTED_VALUE"""),0.0) -> 0 | AC46: =IFERROR(__xludf.DUMMYFUNCTION("""COMPUTED_VALUE"""),19.86) -> 19.86 | AD46: =IFERROR(__xludf.DUMMYFUNCTION("""COMPUTED_VALUE"""),1.01083333333333) -> 1.0108333 | AE46: =IFERROR(__xludf.DUMMYFUNCTION("""COMPUTED_VALUE"""),19.86) -> 19.86 | AF46: =IFERROR(__xludf.DUMMYFUNCTION("""COMPUTED_VALUE"""),0.0) -> 0
A47: =IFERROR(__xludf.DUMMYFUNCTION("""COMPUTED_VALUE"""),46146.0) -> 46146 | B47: =IFERROR(__xludf.DUMMYFUNCTION("""COMPUTED_VALUE"""),"aab7b2fa6301b585dcebf9ec60cf4371307ad469") -> aab7b2fa6301b585dcebf9ec60cf4371307ad469 | C47: =IFERROR(__xludf.DUMMYFUNCTION("""COMPUTED_VALUE"""),"Tere Ishq Mein (OBH) - Production Show_id") -> Tere Ishq Mein (OBH) - Production Show_id | D47: =IFERROR(__xludf.DUMMYFUNCTION("""COMPUTED_VALUE"""),30.0) -> 30 | E47: =IFERROR(__xludf.DUMMYFUNCTION("""COMPUTED_VALUE"""),34.0) -> 34 | F47: =IFERROR(__xludf.DUMMYFUNCTION("""COMPUTED_VALUE"""),32.0) -> 32 | G47: =IFERROR(__xludf.DUMMYFUNCTION("""COMPUTED_VALUE"""),36.0) -> 36 | H47: =IFERROR(__xludf.DUMMYFUNCTION("""COMPUTED_VALUE"""),36.0) -> 36 | I47: =IFERROR(__xludf.DUMMYFUNCTION("""COMPUTED_VALUE"""),0.0) -> 0 | J47: =IFERROR(__xludf.DUMMYFUNCTION("""COMPUTED_VALUE"""),36.0) -> 36 | K47: =IFERROR(__xludf.DUMMYFUNCTION("""COMPUTED_VALUE"""),3.0) -> 3 | L47: =IFERROR(__xludf.DUMMYFUNCTION("""COMPUTED_VALUE"""),1.0) -> 1 | M47: =IFERROR(__xludf.DUMMYFUNCTION("""COMPUTED_VALUE"""),25.0) -> 25 | N47: =IFERROR(__xludf.DUMMYFUNCTION("""COMPUTED_VALUE"""),32.0) -> 32 | O47: =IFERROR(__xludf.DUMMYFUNCTION("""COMPUTED_VALUE"""),6.0) -> 6 | P47: =IFERROR(__xludf.DUMMYFUNCTION("""COMPUTED_VALUE"""),32.0) -> 32 | Q47: =IFERROR(__xludf.DUMMYFUNCTION("""COMPUTED_VALUE"""),0.0) -> 0 | R47: =IFERROR(__xludf.DUMMYFUNCTION("""COMPUTED_VALUE"""),65086.0) -> 65086 | S47: =IFERROR(__xludf.DUMMYFUNCTION("""COMPUTED_VALUE"""),74141.0) -> 74141 | T47: =IFERROR(__xludf.DUMMYFUNCTION("""COMPUTED_VALUE"""),6.58416666666666) -> 6.5841667 | U47: =IFERROR(__xludf.DUMMYFUNCTION("""COMPUTED_VALUE"""),7.67944444444444) -> 7.6794444 | V47: =IFERROR(__xludf.DUMMYFUNCTION("""COMPUTED_VALUE"""),8.67777777777777) -> 8.6777778 | W47: =IFERROR(__xludf.DUMMYFUNCTION("""COMPUTED_VALUE"""),8.67777777777777) -> 8.6777778 | X47: =IFERROR(__xludf.DUMMYFUNCTION("""COMPUTED_VALUE"""),0.0) -> 0 | Y47: =IFERROR(__xludf.DUMMYFUNCTION("""COMPUTED_VALUE"""),8.67777777777777) -> 8.6777778 | Z47: =IFERROR(__xludf.DUMMYFUNCTION("""COMPUTED_VALUE"""),0.768611111111111) -> 0.76861111 | AA47: =IFERROR(__xludf.DUMMYFUNCTION("""COMPUTED_VALUE"""),0.233888888888888) -> 0.23388889 | AB47: =IFERROR(__xludf.DUMMYFUNCTION("""COMPUTED_VALUE"""),5.97555555555555) -> 5.9755556 | AC47: =IFERROR(__xludf.DUMMYFUNCTION("""COMPUTED_VALUE"""),7.69555555555555) -> 7.6955556 | AD47: =IFERROR(__xludf.DUMMYFUNCTION("""COMPUTED_VALUE"""),1.35083333333333) -> 1.3508333 | AE47: =IFERROR(__xludf.DUMMYFUNCTION("""COMPUTED_VALUE"""),7.69555555555555) -> 7.6955556 | AF47: =IFERROR(__xludf.DUMMYFUNCTION("""COMPUTED_VALUE"""),27.0) -> 27
A48: =IFERROR(__xludf.DUMMYFUNCTION("""COMPUTED_VALUE"""),46146.0) -> 46146 | B48: =IFERROR(__xludf.DUMMYFUNCTION("""COMPUTED_VALUE"""),"b9727274f880f47671ad54caad4904a491fad9c7") -> b9727274f880f47671ad54caad4904a491fad9c7 | C48: =IFERROR(__xludf.DUMMYFUNCTION("""COMPUTED_VALUE"""),"Brahmand Ka Rakshak - Production Show") -> Brahmand Ka Rakshak - Production Show | D48: =IFERROR(__xludf.DUMMYFUNCTION("""COMPUTED_VALUE"""),18.0) -> 18 | E48: =IFERROR(__xludf.DUMMYFUNCTION("""COMPUTED_VALUE"""),28.0) -> 28 | F48: =IFERROR(__xludf.DUMMYFUNCTION("""COMPUTED_VALUE"""),17.0) -> 17 | G48: =IFERROR(__xludf.DUMMYFUNCTION("""COMPUTED_VALUE"""),20.0) -> 20 | H48: =IFERROR(__xludf.DUMMYFUNCTION("""COMPUTED_VALUE"""),32.0) -> 32 | I48: =IFERROR(__xludf.DUMMYFUNCTION("""COMPUTED_VALUE"""),12.0) -> 12 | J48: =IFERROR(__xludf.DUMMYFUNCTION("""COMPUTED_VALUE"""),36.0) -> 36 | K48: =IFERROR(__xludf.DUMMYFUNCTION("""COMPUTED_VALUE"""),8.0) -> 8 | L48: =IFERROR(__xludf.DUMMYFUNCTION("""COMPUTED_VALUE"""),2.0) -> 2 | M48: =IFERROR(__xludf.DUMMYFUNCTION("""COMPUTED_VALUE"""),38.0) -> 38 | N48: =IFERROR(__xludf.DUMMYFUNCTION("""COMPUTED_VALUE"""),36.0) -> 36 | O48: =IFERROR(__xludf.DUMMYFUNCTION("""COMPUTED_VALUE"""),5.0) -> 5 | P48: =IFERROR(__xludf.DUMMYFUNCTION("""COMPUTED_VALUE"""),36.0) -> 36 | Q48: =IFERROR(__xludf.DUMMYFUNCTION("""COMPUTED_VALUE"""),0.0) -> 0 | R48: =IFERROR(__xludf.DUMMYFUNCTION("""COMPUTED_VALUE"""),41129.0) -> 41129 | S48: =IFERROR(__xludf.DUMMYFUNCTION("""COMPUTED_VALUE"""),58890.0) -> 58890 | T48: =IFERROR(__xludf.DUMMYFUNCTION("""COMPUTED_VALUE"""),5.63972222222222) -> 5.6397222 | U48: =IFERROR(__xludf.DUMMYFUNCTION("""COMPUTED_VALUE"""),3.21138888888888) -> 3.2113889 | V48: =IFERROR(__xludf.DUMMYFUNCTION("""COMPUTED_VALUE"""),3.71416666666666) -> 3.7141667 | W48: =IFERROR(__xludf.DUMMYFUNCTION("""COMPUTED_VALUE"""),6.1425) -> 6.1425 | X48: =IFERROR(__xludf.DUMMYFUNCTION("""COMPUTED_VALUE"""),2.42833333333333) -> 2.4283333 | Y48: =IFERROR(__xludf.DUMMYFUNCTION("""COMPUTED_VALUE"""),6.8375) -> 6.8375 | Z48: =IFERROR(__xludf.DUMMYFUNCTION("""COMPUTED_VALUE"""),1.44777777777777) -> 1.4477778 | AA48: =IFERROR(__xludf.DUMMYFUNCTION("""COMPUTED_VALUE"""),0.334722222222222) -> 0.33472222 | AB48: =IFERROR(__xludf.DUMMYFUNCTION("""COMPUTED_VALUE"""),7.19083333333333) -> 7.1908333 | AC48: =IFERROR(__xludf.DUMMYFUNCTION("""COMPUTED_VALUE"""),6.77527777777777) -> 6.7752778 | AD48: =IFERROR(__xludf.DUMMYFUNCTION("""COMPUTED_VALUE"""),0.988333333333333) -> 0.98833333 | AE48: =IFERROR(__xludf.DUMMYFUNCTION("""COMPUTED_VALUE"""),6.77527777777777) -> 6.7752778 | AF48: =IFERROR(__xludf.DUMMYFUNCTION("""COMPUTED_VALUE"""),29.0) -> 29
A49: =IFERROR(__xludf.DUMMYFUNCTION("""COMPUTED_VALUE"""),46146.0) -> 46146 | B49: =IFERROR(__xludf.DUMMYFUNCTION("""COMPUTED_VALUE"""),"bb6f447c782519839d8793fda0d35f90bad4421a") -> bb6f447c782519839d8793fda0d35f90bad4421a | C49: =IFERROR(__xludf.DUMMYFUNCTION("""COMPUTED_VALUE"""),"Ruthless") -> Ruthless | D49: =IFERROR(__xludf.DUMMYFUNCTION("""COMPUTED_VALUE"""),0.0) -> 0 | E49: =IFERROR(__xludf.DUMMYFUNCTION("""COMPUTED_VALUE"""),0.0) -> 0 | F49: =IFERROR(__xludf.DUMMYFUNCTION("""COMPUTED_VALUE"""),0.0) -> 0 | G49: =IFERROR(__xludf.DUMMYFUNCTION("""COMPUTED_VALUE"""),0.0) -> 0 | H49: =IFERROR(__xludf.DUMMYFUNCTION("""COMPUTED_VALUE"""),12.0) -> 12 | I49: =IFERROR(__xludf.DUMMYFUNCTION("""COMPUTED_VALUE"""),12.0) -> 12 | J49: =IFERROR(__xludf.DUMMYFUNCTION("""COMPUTED_VALUE"""),12.0) -> 12 | K49: =IFERROR(__xludf.DUMMYFUNCTION("""COMPUTED_VALUE"""),5.0) -> 5 | L49: =IFERROR(__xludf.DUMMYFUNCTION("""COMPUTED_VALUE"""),0.0) -> 0 | M49: =IFERROR(__xludf.DUMMYFUNCTION("""COMPUTED_VALUE"""),10.0) -> 10 | N49: =IFERROR(__xludf.DUMMYFUNCTION("""COMPUTED_VALUE"""),8.0) -> 8 | O49: =IFERROR(__xludf.DUMMYFUNCTION("""COMPUTED_VALUE"""),5.0) -> 5 | P49: =IFERROR(__xludf.DUMMYFUNCTION("""COMPUTED_VALUE"""),8.0) -> 8 | Q49: =IFERROR(__xludf.DUMMYFUNCTION("""COMPUTED_VALUE"""),0.0) -> 0 | R49: =IFERROR(__xludf.DUMMYFUNCTION("""COMPUTED_VALUE"""),0.0) -> 0 | S49: =IFERROR(__xludf.DUMMYFUNCTION("""COMPUTED_VALUE"""),0.0) -> 0 | T49: =IFERROR(__xludf.DUMMYFUNCTION("""COMPUTED_VALUE"""),2.50361111111111) -> 2.5036111 | U49: =IFERROR(__xludf.DUMMYFUNCTION("""COMPUTED_VALUE"""),0.0) -> 0 | V49: =IFERROR(__xludf.DUMMYFUNCTION("""COMPUTED_VALUE"""),0.0) -> 0 | W49: =IFERROR(__xludf.DUMMYFUNCTION("""COMPUTED_VALUE"""),2.50361111111111) -> 2.5036111 | X49: =IFERROR(__xludf.DUMMYFUNCTION("""COMPUTED_VALUE"""),2.50361111111111) -> 2.5036111 | Y49: =IFERROR(__xludf.DUMMYFUNCTION("""COMPUTED_VALUE"""),2.62305555555555) -> 2.6230556 | Z49: =IFERROR(__xludf.DUMMYFUNCTION("""COMPUTED_VALUE"""),1.14333333333333) -> 1.1433333 | AA49: =IFERROR(__xludf.DUMMYFUNCTION("""COMPUTED_VALUE"""),0.0) -> 0 | AB49: =IFERROR(__xludf.DUMMYFUNCTION("""COMPUTED_VALUE"""),2.13888888888888) -> 2.1388889 | AC49: =IFERROR(__xludf.DUMMYFUNCTION("""COMPUTED_VALUE"""),1.73361111111111) -> 1.7336111 | AD49: =IFERROR(__xludf.DUMMYFUNCTION("""COMPUTED_VALUE"""),0.949722222222222) -> 0.94972222 | AE49: =IFERROR(__xludf.DUMMYFUNCTION("""COMPUTED_VALUE"""),1.73361111111111) -> 1.7336111 | AF49: =IFERROR(__xludf.DUMMYFUNCTION("""COMPUTED_VALUE"""),12.0) -> 12
A50: =IFERROR(__xludf.DUMMYFUNCTION("""COMPUTED_VALUE"""),46146.0) -> 46146 | B50: =IFERROR(__xludf.DUMMYFUNCTION("""COMPUTED_VALUE"""),"c6ddafe0c1c28e76700ec68e65063945a05ee155") -> c6ddafe0c1c28e76700ec68e65063945a05ee155 | C50: =IFERROR(__xludf.DUMMYFUNCTION("""COMPUTED_VALUE"""),"Reborn to Rule Production Show_id") -> Reborn to Rule Production Show_id | D50: =IFERROR(__xludf.DUMMYFUNCTION("""COMPUTED_VALUE"""),19.0) -> 19 | E50: =IFERROR(__xludf.DUMMYFUNCTION("""COMPUTED_VALUE"""),0.0) -> 0 | F50: =IFERROR(__xludf.DUMMYFUNCTION("""COMPUTED_VALUE"""),0.0) -> 0 | G50: =IFERROR(__xludf.DUMMYFUNCTION("""COMPUTED_VALUE"""),0.0) -> 0 | H50: =IFERROR(__xludf.DUMMYFUNCTION("""COMPUTED_VALUE"""),0.0) -> 0 | I50: =IFERROR(__xludf.DUMMYFUNCTION("""COMPUTED_VALUE"""),0.0) -> 0 | J50: =IFERROR(__xludf.DUMMYFUNCTION("""COMPUTED_VALUE"""),0.0) -> 0 | K50: =IFERROR(__xludf.DUMMYFUNCTION("""COMPUTED_VALUE"""),0.0) -> 0 | L50: =IFERROR(__xludf.DUMMYFUNCTION("""COMPUTED_VALUE"""),0.0) -> 0 | ... N50: =IFERROR(__xludf.DUMMYFUNCTION("""COMPUTED_VALUE"""),0.0) -> 0 | O50: =IFERROR(__xludf.DUMMYFUNCTION("""COMPUTED_VALUE"""),1.0) -> 1 | P50: =IFERROR(__xludf.DUMMYFUNCTION("""COMPUTED_VALUE"""),0.0) -> 0 | Q50: =IFERROR(__xludf.DUMMYFUNCTION("""COMPUTED_VALUE"""),0.0) -> 0 | R50: =IFERROR(__xludf.DUMMYFUNCTION("""COMPUTED_VALUE"""),41346.0) -> 41346 | S50: =IFERROR(__xludf.DUMMYFUNCTION("""COMPUTED_VALUE"""),0.0) -> 0 | T50: =IFERROR(__xludf.DUMMYFUNCTION("""COMPUTED_VALUE"""),0.0) -> 0 | U50: =IFERROR(__xludf.DUMMYFUNCTION("""COMPUTED_VALUE"""),0.0) -> 0 | V50: =IFERROR(__xludf.DUMMYFUNCTION("""COMPUTED_VALUE"""),0.0) -> 0 | W50: =IFERROR(__xludf.DUMMYFUNCTION("""COMPUTED_VALUE"""),0.0) -> 0 | X50: =IFERROR(__xludf.DUMMYFUNCTION("""COMPUTED_VALUE"""),0.0) -> 0 | Y50: =IFERROR(__xludf.DUMMYFUNCTION("""COMPUTED_VALUE"""),0.0) -> 0 | Z50: =IFERROR(__xludf.DUMMYFUNCTION("""COMPUTED_VALUE"""),0.0) -> 0 | ... AC50: =IFERROR(__xludf.DUMMYFUNCTION("""COMPUTED_VALUE"""),0.0) -> 0 | AD50: =IFERROR(__xludf.DUMMYFUNCTION("""COMPUTED_VALUE"""),0.1975) -> 0.1975 | AE50: =IFERROR(__xludf.DUMMYFUNCTION("""COMPUTED_VALUE"""),0.0) -> 0 | AF50: =IFERROR(__xludf.DUMMYFUNCTION("""COMPUTED_VALUE"""),0.0) -> 0
A51: =IFERROR(__xludf.DUMMYFUNCTION("""COMPUTED_VALUE"""),46146.0) -> 46146 | B51: =IFERROR(__xludf.DUMMYFUNCTION("""COMPUTED_VALUE"""),"dbbc7f35e9eb33b7562f0fd82896e827101bf13c") -> dbbc7f35e9eb33b7562f0fd82896e827101bf13c | C51: =IFERROR(__xludf.DUMMYFUNCTION("""COMPUTED_VALUE"""),"Brahmand Ka Rakshak | ब्रह्मांड का रक्षक Author - Vaibhav Bachhav") -> Brahmand Ka Rakshak | ब्रह्मांड का रक्षक Author - Vaibhav Bachhav | D51: =IFERROR(__xludf.DUMMYFUNCTION("""COMPUTED_VALUE"""),0.0) -> 0 | E51: =IFERROR(__xludf.DUMMYFUNCTION("""COMPUTED_VALUE"""),0.0) -> 0 | F51: =IFERROR(__xludf.DUMMYFUNCTION("""COMPUTED_VALUE"""),0.0) -> 0 | G51: =IFERROR(__xludf.DUMMYFUNCTION("""COMPUTED_VALUE"""),0.0) -> 0 | H51: =IFERROR(__xludf.DUMMYFUNCTION("""COMPUTED_VALUE"""),0.0) -> 0 | I51: =IFERROR(__xludf.DUMMYFUNCTION("""COMPUTED_VALUE"""),0.0) -> 0 | J51: =IFERROR(__xludf.DUMMYFUNCTION("""COMPUTED_VALUE"""),0.0) -> 0 | K51: =IFERROR(__xludf.DUMMYFUNCTION("""COMPUTED_VALUE"""),0.0) -> 0 | ... N51: =IFERROR(__xludf.DUMMYFUNCTION("""COMPUTED_VALUE"""),0.0) -> 0 | O51: =IFERROR(__xludf.DUMMYFUNCTION("""COMPUTED_VALUE"""),5.0) -> 5 | P51: =IFERROR(__xludf.DUMMYFUNCTION("""COMPUTED_VALUE"""),20.0) -> 20 | Q51: =IFERROR(__xludf.DUMMYFUNCTION("""COMPUTED_VALUE"""),0.0) -> 0 | R51: =IFERROR(__xludf.DUMMYFUNCTION("""COMPUTED_VALUE"""),0.0) -> 0 | S51: =IFERROR(__xludf.DUMMYFUNCTION("""COMPUTED_VALUE"""),0.0) -> 0 | T51: =IFERROR(__xludf.DUMMYFUNCTION("""COMPUTED_VALUE"""),0.0) -> 0 | U51: =IFERROR(__xludf.DUMMYFUNCTION("""COMPUTED_VALUE"""),0.0) -> 0 | V51: =IFERROR(__xludf.DUMMYFUNCTION("""COMPUTED_VALUE"""),0.0) -> 0 | W51: =IFERROR(__xludf.DUMMYFUNCTION("""COMPUTED_VALUE"""),0.0) -> 0 | X51: =IFERROR(__xludf.DUMMYFUNCTION("""COMPUTED_VALUE"""),0.0) -> 0 | ... AC51: =IFERROR(__xludf.DUMMYFUNCTION("""COMPUTED_VALUE"""),0.0) -> 0 | AD51: =IFERROR(__xludf.DUMMYFUNCTION("""COMPUTED_VALUE"""),0.985277777777777) -> 0.98527778 | AE51: =IFERROR(__xludf.DUMMYFUNCTION("""COMPUTED_VALUE"""),4.69833333333333) -> 4.6983333 | AF51: =IFERROR(__xludf.DUMMYFUNCTION("""COMPUTED_VALUE"""),0.0) -> 0
A52: =IFERROR(__xludf.DUMMYFUNCTION("""COMPUTED_VALUE"""),46146.0) -> 46146 | B52: =IFERROR(__xludf.DUMMYFUNCTION("""COMPUTED_VALUE"""),"e493cee863483a057af12de782cd20043a19ed05") -> e493cee863483a057af12de782cd20043a19ed05 | C52: =IFERROR(__xludf.DUMMYFUNCTION("""COMPUTED_VALUE"""),"Malang") -> Malang | D52: =IFERROR(__xludf.DUMMYFUNCTION("""COMPUTED_VALUE"""),48.0) -> 48 | E52: =IFERROR(__xludf.DUMMYFUNCTION("""COMPUTED_VALUE"""),48.0) -> 48 | F52: =IFERROR(__xludf.DUMMYFUNCTION("""COMPUTED_VALUE"""),0.0) -> 0 | G52: =IFERROR(__xludf.DUMMYFUNCTION("""COMPUTED_VALUE"""),0.0) -> 0 | H52: =IFERROR(__xludf.DUMMYFUNCTION("""COMPUTED_VALUE"""),0.0) -> 0 | I52: =IFERROR(__xludf.DUMMYFUNCTION("""COMPUTED_VALUE"""),0.0) -> 0 | J52: =IFERROR(__xludf.DUMMYFUNCTION("""COMPUTED_VALUE"""),0.0) -> 0 | K52: =IFERROR(__xludf.DUMMYFUNCTION("""COMPUTED_VALUE"""),0.0) -> 0 | L52: =IFERROR(__xludf.DUMMYFUNCTION("""COMPUTED_VALUE"""),0.0) -> 0 | M52: =IFERROR(__xludf.DUMMYFUNCTION("""COMPUTED_VALUE"""),48.0) -> 48 | N52: =IFERROR(__xludf.DUMMYFUNCTION("""COMPUTED_VALUE"""),48.0) -> 48 | O52: =IFERROR(__xludf.DUMMYFUNCTION("""COMPUTED_VALUE"""),4.0) -> 4 | P52: =IFERROR(__xludf.DUMMYFUNCTION("""COMPUTED_VALUE"""),48.0) -> 48 | Q52: =IFERROR(__xludf.DUMMYFUNCTION("""COMPUTED_VALUE"""),0.0) -> 0 | R52: =IFERROR(__xludf.DUMMYFUNCTION("""COMPUTED_VALUE"""),126959.0) -> 126959 | S52: =IFERROR(__xludf.DUMMYFUNCTION("""COMPUTED_VALUE"""),133260.0) -> 133260 | T52: =IFERROR(__xludf.DUMMYFUNCTION("""COMPUTED_VALUE"""),0.0) -> 0 | U52: =IFERROR(__xludf.DUMMYFUNCTION("""COMPUTED_VALUE"""),0.0) -> 0 | V52: =IFERROR(__xludf.DUMMYFUNCTION("""COMPUTED_VALUE"""),0.0) -> 0 | W52: =IFERROR(__xludf.DUMMYFUNCTION("""COMPUTED_VALUE"""),0.0) -> 0 | X52: =IFERROR(__xludf.DUMMYFUNCTION("""COMPUTED_VALUE"""),0.0) -> 0 | Y52: =IFERROR(__xludf.DUMMYFUNCTION("""COMPUTED_VALUE"""),0.0) -> 0 | Z52: =IFERROR(__xludf.DUMMYFUNCTION("""COMPUTED_VALUE"""),0.0) -> 0 | AA52: =IFERROR(__xludf.DUMMYFUNCTION("""COMPUTED_VALUE"""),0.0) -> 0 | AB52: =IFERROR(__xludf.DUMMYFUNCTION("""COMPUTED_VALUE"""),11.4802777777777) -> 11.480278 | AC52: =IFERROR(__xludf.DUMMYFUNCTION("""COMPUTED_VALUE"""),11.7466666666666) -> 11.746667 | AD52: =IFERROR(__xludf.DUMMYFUNCTION("""COMPUTED_VALUE"""),0.760555555555555) -> 0.76055556 | AE52: =IFERROR(__xludf.DUMMYFUNCTION("""COMPUTED_VALUE"""),11.7466666666666) -> 11.746667 | AF52: =IFERROR(__xludf.DUMMYFUNCTION("""COMPUTED_VALUE"""),0.0) -> 0
A53: =IFERROR(__xludf.DUMMYFUNCTION("""COMPUTED_VALUE"""),46146.0) -> 46146 | B53: =IFERROR(__xludf.DUMMYFUNCTION("""COMPUTED_VALUE"""),"f43f4253dc3c596ff8f2e3cc9f3b677981a70310") -> f43f4253dc3c596ff8f2e3cc9f3b677981a70310 | C53: =IFERROR(__xludf.DUMMYFUNCTION("""COMPUTED_VALUE"""),"Brahmyodha : The Destroyer | ब्रह्मयोद्धा : द डिस्ट्रोयर | Author - Ajit Kumar") -> Brahmyodha : The Destroyer | ब्रह्मयोद्धा : द डिस्ट्रोयर | Author - Ajit Kumar | D53: =IFERROR(__xludf.DUMMYFUNCTION("""COMPUTED_VALUE"""),6.0) -> 6 | E53: =IFERROR(__xludf.DUMMYFUNCTION("""COMPUTED_VALUE"""),6.0) -> 6 | F53: =IFERROR(__xludf.DUMMYFUNCTION("""COMPUTED_VALUE"""),0.0) -> 0 | G53: =IFERROR(__xludf.DUMMYFUNCTION("""COMPUTED_VALUE"""),0.0) -> 0 | H53: =IFERROR(__xludf.DUMMYFUNCTION("""COMPUTED_VALUE"""),0.0) -> 0 | I53: =IFERROR(__xludf.DUMMYFUNCTION("""COMPUTED_VALUE"""),0.0) -> 0 | J53: =IFERROR(__xludf.DUMMYFUNCTION("""COMPUTED_VALUE"""),0.0) -> 0 | K53: =IFERROR(__xludf.DUMMYFUNCTION("""COMPUTED_VALUE"""),0.0) -> 0 | L53: =IFERROR(__xludf.DUMMYFUNCTION("""COMPUTED_VALUE"""),0.0) -> 0 | M53: =IFERROR(__xludf.DUMMYFUNCTION("""COMPUTED_VALUE"""),0.0) -> 0 | N53: =IFERROR(__xludf.DUMMYFUNCTION("""COMPUTED_VALUE"""),6.0) -> 6 | O53: =IFERROR(__xludf.DUMMYFUNCTION("""COMPUTED_VALUE"""),4.0) -> 4 | P53: =IFERROR(__xludf.DUMMYFUNCTION("""COMPUTED_VALUE"""),6.0) -> 6 | Q53: =IFERROR(__xludf.DUMMYFUNCTION("""COMPUTED_VALUE"""),0.0) -> 0 | R53: =IFERROR(__xludf.DUMMYFUNCTION("""COMPUTED_VALUE"""),16018.0) -> 16018 | S53: =IFERROR(__xludf.DUMMYFUNCTION("""COMPUTED_VALUE"""),16018.0) -> 16018 | T53: =IFERROR(__xludf.DUMMYFUNCTION("""COMPUTED_VALUE"""),0.0) -> 0 | U53: =IFERROR(__xludf.DUMMYFUNCTION("""COMPUTED_VALUE"""),0.0) -> 0 | V53: =IFERROR(__xludf.DUMMYFUNCTION("""COMPUTED_VALUE"""),0.0) -> 0 | W53: =IFERROR(__xludf.DUMMYFUNCTION("""COMPUTED_VALUE"""),0.0) -> 0 | X53: =IFERROR(__xludf.DUMMYFUNCTION("""COMPUTED_VALUE"""),0.0) -> 0 | Y53: =IFERROR(__xludf.DUMMYFUNCTION("""COMPUTED_VALUE"""),0.0) -> 0 | Z53: =IFERROR(__xludf.DUMMYFUNCTION("""COMPUTED_VALUE"""),0.0) -> 0 | AA53: =IFERROR(__xludf.DUMMYFUNCTION("""COMPUTED_VALUE"""),0.0) -> 0 | ... AC53: =IFERROR(__xludf.DUMMYFUNCTION("""COMPUTED_VALUE"""),0.0) -> 0 | AD53: =IFERROR(__xludf.DUMMYFUNCTION("""COMPUTED_VALUE"""),1.01055555555555) -> 1.0105556 | AE53: =IFERROR(__xludf.DUMMYFUNCTION("""COMPUTED_VALUE"""),1.59499999999999) -> 1.595 | AF53: =IFERROR(__xludf.DUMMYFUNCTION("""COMPUTED_VALUE"""),0.0) -> 0
A54: =IFERROR(__xludf.DUMMYFUNCTION("""COMPUTED_VALUE"""),46146.0) -> 46146 | B54: =IFERROR(__xludf.DUMMYFUNCTION("""COMPUTED_VALUE"""),"f8fbcb9a13d17d5888164fffc1bbb7cd5c6608b2") -> f8fbcb9a13d17d5888164fffc1bbb7cd5c6608b2 | C54: =IFERROR(__xludf.DUMMYFUNCTION("""COMPUTED_VALUE"""),"Empire of Hidden King | Author - Nitesh") -> Empire of Hidden King | Author - Nitesh | D54: =IFERROR(__xludf.DUMMYFUNCTION("""COMPUTED_VALUE"""),0.0) -> 0 | E54: =IFERROR(__xludf.DUMMYFUNCTION("""COMPUTED_VALUE"""),0.0) -> 0 | F54: =IFERROR(__xludf.DUMMYFUNCTION("""COMPUTED_VALUE"""),0.0) -> 0 | G54: =IFERROR(__xludf.DUMMYFUNCTION("""COMPUTED_VALUE"""),0.0) -> 0 | H54: =IFERROR(__xludf.DUMMYFUNCTION("""COMPUTED_VALUE"""),0.0) -> 0 | I54: =IFERROR(__xludf.DUMMYFUNCTION("""COMPUTED_VALUE"""),0.0) -> 0 | J54: =IFERROR(__xludf.DUMMYFUNCTION("""COMPUTED_VALUE"""),0.0) -> 0 | K54: =IFERROR(__xludf.DUMMYFUNCTION("""COMPUTED_VALUE"""),0.0) -> 0 | ... M54: =IFERROR(__xludf.DUMMYFUNCTION("""COMPUTED_VALUE"""),0.0) -> 0 | N54: =IFERROR(__xludf.DUMMYFUNCTION("""COMPUTED_VALUE"""),11.0) -> 11 | O54: =IFERROR(__xludf.DUMMYFUNCTION("""COMPUTED_VALUE"""),0.0) -> 0 | P54: =IFERROR(__xludf.DUMMYFUNCTION("""COMPUTED_VALUE"""),11.0) -> 11 | Q54: =IFERROR(__xludf.DUMMYFUNCTION("""COMPUTED_VALUE"""),0.0) -> 0 | R54: =IFERROR(__xludf.DUMMYFUNCTION("""COMPUTED_VALUE"""),0.0) -> 0 | S54: =IFERROR(__xludf.DUMMYFUNCTION("""COMPUTED_VALUE"""),0.0) -> 0 | T54: =IFERROR(__xludf.DUMMYFUNCTION("""COMPUTED_VALUE"""),0.0) -> 0 | U54: =IFERROR(__xludf.DUMMYFUNCTION("""COMPUTED_VALUE"""),0.0) -> 0 | V54: =IFERROR(__xludf.DUMMYFUNCTION("""COMPUTED_VALUE"""),0.0) -> 0 | W54: =IFERROR(__xludf.DUMMYFUNCTION("""COMPUTED_VALUE"""),0.0) -> 0 | X54: =IFERROR(__xludf.DUMMYFUNCTION("""COMPUTED_VALUE"""),0.0) -> 0 | ... AB54: =IFERROR(__xludf.DUMMYFUNCTION("""COMPUTED_VALUE"""),0.0) -> 0 | AC54: =IFERROR(__xludf.DUMMYFUNCTION("""COMPUTED_VALUE"""),2.98) -> 2.98 | AD54: =IFERROR(__xludf.DUMMYFUNCTION("""COMPUTED_VALUE"""),0.0) -> 0 | AE54: =IFERROR(__xludf.DUMMYFUNCTION("""COMPUTED_VALUE"""),2.98) -> 2.98 | AF54: =IFERROR(__xludf.DUMMYFUNCTION("""COMPUTED_VALUE"""),0.0) -> 0
A55: =IFERROR(__xludf.DUMMYFUNCTION("""COMPUTED_VALUE"""),46139.0) -> 46139 | B55: =IFERROR(__xludf.DUMMYFUNCTION("""COMPUTED_VALUE"""),"017fddbaa7617afdd8289be5c433df09dcde1da2") -> 017fddbaa7617afdd8289be5c433df09dcde1da2 | C55: =IFERROR(__xludf.DUMMYFUNCTION("""COMPUTED_VALUE"""),"His Secret Fortune - Production Show_id") -> His Secret Fortune - Production Show_id | D55: =IFERROR(__xludf.DUMMYFUNCTION("""COMPUTED_VALUE"""),19.0) -> 19 | E55: =IFERROR(__xludf.DUMMYFUNCTION("""COMPUTED_VALUE"""),23.0) -> 23 | F55: =IFERROR(__xludf.DUMMYFUNCTION("""COMPUTED_VALUE"""),19.0) -> 19 | G55: =IFERROR(__xludf.DUMMYFUNCTION("""COMPUTED_VALUE"""),19.0) -> 19 | H55: =IFERROR(__xludf.DUMMYFUNCTION("""COMPUTED_VALUE"""),20.0) -> 20 | I55: =IFERROR(__xludf.DUMMYFUNCTION("""COMPUTED_VALUE"""),2.0) -> 2 | J55: =IFERROR(__xludf.DUMMYFUNCTION("""COMPUTED_VALUE"""),20.0) -> 20 | K55: =IFERROR(__xludf.DUMMYFUNCTION("""COMPUTED_VALUE"""),2.0) -> 2 | L55: =IFERROR(__xludf.DUMMYFUNCTION("""COMPUTED_VALUE"""),1.0) -> 1 | M55: =IFERROR(__xludf.DUMMYFUNCTION("""COMPUTED_VALUE"""),12.0) -> 12 | N55: =IFERROR(__xludf.DUMMYFUNCTION("""COMPUTED_VALUE"""),10.0) -> 10 | O55: =IFERROR(__xludf.DUMMYFUNCTION("""COMPUTED_VALUE"""),6.0) -> 6 | P55: =IFERROR(__xludf.DUMMYFUNCTION("""COMPUTED_VALUE"""),10.0) -> 10 | Q55: =IFERROR(__xludf.DUMMYFUNCTION("""COMPUTED_VALUE"""),0.0) -> 0 | R55: =IFERROR(__xludf.DUMMYFUNCTION("""COMPUTED_VALUE"""),44751.0) -> 44751 | S55: =IFERROR(__xludf.DUMMYFUNCTION("""COMPUTED_VALUE"""),52302.0) -> 52302 | T55: =IFERROR(__xludf.DUMMYFUNCTION("""COMPUTED_VALUE"""),5.98555555555555) -> 5.9855556 | U55: =IFERROR(__xludf.DUMMYFUNCTION("""COMPUTED_VALUE"""),3.92611111111111) -> 3.9261111 | V55: =IFERROR(__xludf.DUMMYFUNCTION("""COMPUTED_VALUE"""),3.90055555555555) -> 3.9005556 | W55: =IFERROR(__xludf.DUMMYFUNCTION("""COMPUTED_VALUE"""),4.09555555555555) -> 4.0955556 | X55: =IFERROR(__xludf.DUMMYFUNCTION("""COMPUTED_VALUE"""),0.401388888888888) -> 0.40138889 | Y55: =IFERROR(__xludf.DUMMYFUNCTION("""COMPUTED_VALUE"""),4.09472222222222) -> 4.0947222 | Z55: =IFERROR(__xludf.DUMMYFUNCTION("""COMPUTED_VALUE"""),0.398333333333333) -> 0.39833333 | AA55: =IFERROR(__xludf.DUMMYFUNCTION("""COMPUTED_VALUE"""),0.198888888888888) -> 0.19888889 | AB55: =IFERROR(__xludf.DUMMYFUNCTION("""COMPUTED_VALUE"""),2.50833333333333) -> 2.5083333 | AC55: =IFERROR(__xludf.DUMMYFUNCTION("""COMPUTED_VALUE"""),2.10777777777777) -> 2.1077778 | AD55: =IFERROR(__xludf.DUMMYFUNCTION("""COMPUTED_VALUE"""),1.14305555555555) -> 1.1430556 | AE55: =IFERROR(__xludf.DUMMYFUNCTION("""COMPUTED_VALUE"""),2.10777777777777) -> 2.1077778 | AF55: =IFERROR(__xludf.DUMMYFUNCTION("""COMPUTED_VALUE"""),29.0) -> 29
A56: =IFERROR(__xludf.DUMMYFUNCTION("""COMPUTED_VALUE"""),46139.0) -> 46139 | B56: =IFERROR(__xludf.DUMMYFUNCTION("""COMPUTED_VALUE"""),"120f01928bb6593698eaa96f46a52b5ddab649bd") -> 120f01928bb6593698eaa96f46a52b5ddab649bd | C56: =IFERROR(__xludf.DUMMYFUNCTION("""COMPUTED_VALUE"""),"Beggar Husband - 2") -> Beggar Husband - 2 | D56: =IFERROR(__xludf.DUMMYFUNCTION("""COMPUTED_VALUE"""),12.0) -> 12 | E56: =IFERROR(__xludf.DUMMYFUNCTION("""COMPUTED_VALUE"""),25.0) -> 25 | F56: =IFERROR(__xludf.DUMMYFUNCTION("""COMPUTED_VALUE"""),0.0) -> 0 | G56: =IFERROR(__xludf.DUMMYFUNCTION("""COMPUTED_VALUE"""),0.0) -> 0 | H56: =IFERROR(__xludf.DUMMYFUNCTION("""COMPUTED_VALUE"""),4.0) -> 4 | I56: =IFERROR(__xludf.DUMMYFUNCTION("""COMPUTED_VALUE"""),0.0) -> 0 | J56: =IFERROR(__xludf.DUMMYFUNCTION("""COMPUTED_VALUE"""),4.0) -> 4 | K56: =IFERROR(__xludf.DUMMYFUNCTION("""COMPUTED_VALUE"""),0.0) -> 0 | L56: =IFERROR(__xludf.DUMMYFUNCTION("""COMPUTED_VALUE"""),0.0) -> 0 | M56: =IFERROR(__xludf.DUMMYFUNCTION("""COMPUTED_VALUE"""),16.0) -> 16 | N56: =IFERROR(__xludf.DUMMYFUNCTION("""COMPUTED_VALUE"""),24.0) -> 24 | O56: =IFERROR(__xludf.DUMMYFUNCTION("""COMPUTED_VALUE"""),5.0) -> 5 | P56: =IFERROR(__xludf.DUMMYFUNCTION("""COMPUTED_VALUE"""),24.0) -> 24 | Q56: =IFERROR(__xludf.DUMMYFUNCTION("""COMPUTED_VALUE"""),0.0) -> 0 | R56: =IFERROR(__xludf.DUMMYFUNCTION("""COMPUTED_VALUE"""),26408.0) -> 26408 | S56: =IFERROR(__xludf.DUMMYFUNCTION("""COMPUTED_VALUE"""),55023.0) -> 55023 | T56: =IFERROR(__xludf.DUMMYFUNCTION("""COMPUTED_VALUE"""),0.0) -> 0 | U56: =IFERROR(__xludf.DUMMYFUNCTION("""COMPUTED_VALUE"""),0.0) -> 0 | V56: =IFERROR(__xludf.DUMMYFUNCTION("""COMPUTED_VALUE"""),0.0) -> 0 | W56: =IFERROR(__xludf.DUMMYFUNCTION("""COMPUTED_VALUE"""),0.942777777777777) -> 0.94277778 | X56: =IFERROR(__xludf.DUMMYFUNCTION("""COMPUTED_VALUE"""),0.0) -> 0 | Y56: =IFERROR(__xludf.DUMMYFUNCTION("""COMPUTED_VALUE"""),0.942777777777777) -> 0.94277778 | Z56: =IFERROR(__xludf.DUMMYFUNCTION("""COMPUTED_VALUE"""),0.0) -> 0 | AA56: =IFERROR(__xludf.DUMMYFUNCTION("""COMPUTED_VALUE"""),0.0) -> 0 | AB56: =IFERROR(__xludf.DUMMYFUNCTION("""COMPUTED_VALUE"""),3.70111111111111) -> 3.7011111 | AC56: =IFERROR(__xludf.DUMMYFUNCTION("""COMPUTED_VALUE"""),5.59249999999999) -> 5.5925 | AD56: =IFERROR(__xludf.DUMMYFUNCTION("""COMPUTED_VALUE"""),1.01416666666666) -> 1.0141667 | AE56: =IFERROR(__xludf.DUMMYFUNCTION("""COMPUTED_VALUE"""),5.59194444444444) -> 5.5919444 | AF56: =IFERROR(__xludf.DUMMYFUNCTION("""COMPUTED_VALUE"""),0.0) -> 0
A57: =IFERROR(__xludf.DUMMYFUNCTION("""COMPUTED_VALUE"""),46139.0) -> 46139 | B57: =IFERROR(__xludf.DUMMYFUNCTION("""COMPUTED_VALUE"""),"1b4ecb8a0d96b42675a2bbd2a9bd28ef4d28a0dd") -> 1b4ecb8a0d96b42675a2bbd2a9bd28ef4d28a0dd | C57: =IFERROR(__xludf.DUMMYFUNCTION("""COMPUTED_VALUE"""),"Doctor Mafia King") -> Doctor Mafia King | D57: =IFERROR(__xludf.DUMMYFUNCTION("""COMPUTED_VALUE"""),0.0) -> 0 | E57: =IFERROR(__xludf.DUMMYFUNCTION("""COMPUTED_VALUE"""),0.0) -> 0 | F57: =IFERROR(__xludf.DUMMYFUNCTION("""COMPUTED_VALUE"""),0.0) -> 0 | G57: =IFERROR(__xludf.DUMMYFUNCTION("""COMPUTED_VALUE"""),0.0) -> 0 | H57: =IFERROR(__xludf.DUMMYFUNCTION("""COMPUTED_VALUE"""),0.0) -> 0 | I57: =IFERROR(__xludf.DUMMYFUNCTION("""COMPUTED_VALUE"""),0.0) -> 0 | J57: =IFERROR(__xludf.DUMMYFUNCTION("""COMPUTED_VALUE"""),0.0) -> 0 | K57: =IFERROR(__xludf.DUMMYFUNCTION("""COMPUTED_VALUE"""),0.0) -> 0 | ... M57: =IFERROR(__xludf.DUMMYFUNCTION("""COMPUTED_VALUE"""),0.0) -> 0 | N57: =IFERROR(__xludf.DUMMYFUNCTION("""COMPUTED_VALUE"""),8.0) -> 8 | O57: =IFERROR(__xludf.DUMMYFUNCTION("""COMPUTED_VALUE"""),0.0) -> 0 | P57: =IFERROR(__xludf.DUMMYFUNCTION("""COMPUTED_VALUE"""),8.0) -> 8 | Q57: =IFERROR(__xludf.DUMMYFUNCTION("""COMPUTED_VALUE"""),0.0) -> 0 | R57: =IFERROR(__xludf.DUMMYFUNCTION("""COMPUTED_VALUE"""),0.0) -> 0 | S57: =IFERROR(__xludf.DUMMYFUNCTION("""COMPUTED_VALUE"""),0.0) -> 0 | T57: =IFERROR(__xludf.DUMMYFUNCTION("""COMPUTED_VALUE"""),0.0) -> 0 | U57: =IFERROR(__xludf.DUMMYFUNCTION("""COMPUTED_VALUE"""),0.0) -> 0 | V57: =IFERROR(__xludf.DUMMYFUNCTION("""COMPUTED_VALUE"""),0.0) -> 0 | W57: =IFERROR(__xludf.DUMMYFUNCTION("""COMPUTED_VALUE"""),0.0) -> 0 | X57: =IFERROR(__xludf.DUMMYFUNCTION("""COMPUTED_VALUE"""),0.0) -> 0 | ... AB57: =IFERROR(__xludf.DUMMYFUNCTION("""COMPUTED_VALUE"""),0.0) -> 0 | AC57: =IFERROR(__xludf.DUMMYFUNCTION("""COMPUTED_VALUE"""),1.16138888888888) -> 1.1613889 | AD57: =IFERROR(__xludf.DUMMYFUNCTION("""COMPUTED_VALUE"""),0.0) -> 0 | AE57: =IFERROR(__xludf.DUMMYFUNCTION("""COMPUTED_VALUE"""),1.16138888888888) -> 1.1613889 | AF57: =IFERROR(__xludf.DUMMYFUNCTION("""COMPUTED_VALUE"""),0.0) -> 0
A58: =IFERROR(__xludf.DUMMYFUNCTION("""COMPUTED_VALUE"""),46139.0) -> 46139 | B58: =IFERROR(__xludf.DUMMYFUNCTION("""COMPUTED_VALUE"""),"2549f1505a3739b3e90a0b63921ad55271440d40") -> 2549f1505a3739b3e90a0b63921ad55271440d40 | C58: =IFERROR(__xludf.DUMMYFUNCTION("""COMPUTED_VALUE"""),"Reborn in Martial World ") -> Reborn in Martial World | D58: =IFERROR(__xludf.DUMMYFUNCTION("""COMPUTED_VALUE"""),0.0) -> 0 | E58: =IFERROR(__xludf.DUMMYFUNCTION("""COMPUTED_VALUE"""),50.0) -> 50 | F58: =IFERROR(__xludf.DUMMYFUNCTION("""COMPUTED_VALUE"""),0.0) -> 0 | G58: =IFERROR(__xludf.DUMMYFUNCTION("""COMPUTED_VALUE"""),0.0) -> 0 | H58: =IFERROR(__xludf.DUMMYFUNCTION("""COMPUTED_VALUE"""),0.0) -> 0 | I58: =IFERROR(__xludf.DUMMYFUNCTION("""COMPUTED_VALUE"""),0.0) -> 0 | J58: =IFERROR(__xludf.DUMMYFUNCTION("""COMPUTED_VALUE"""),0.0) -> 0 | K58: =IFERROR(__xludf.DUMMYFUNCTION("""COMPUTED_VALUE"""),0.0) -> 0 | L58: =IFERROR(__xludf.DUMMYFUNCTION("""COMPUTED_VALUE"""),0.0) -> 0 | M58: =IFERROR(__xludf.DUMMYFUNCTION("""COMPUTED_VALUE"""),0.0) -> 0 | N58: =IFERROR(__xludf.DUMMYFUNCTION("""COMPUTED_VALUE"""),50.0) -> 50 | O58: =IFERROR(__xludf.DUMMYFUNCTION("""COMPUTED_VALUE"""),4.0) -> 4 | P58: =IFERROR(__xludf.DUMMYFUNCTION("""COMPUTED_VALUE"""),50.0) -> 50 | Q58: =IFERROR(__xludf.DUMMYFUNCTION("""COMPUTED_VALUE"""),0.0) -> 0 | R58: =IFERROR(__xludf.DUMMYFUNCTION("""COMPUTED_VALUE"""),0.0) -> 0 | S58: =IFERROR(__xludf.DUMMYFUNCTION("""COMPUTED_VALUE"""),120870.0) -> 120870 | T58: =IFERROR(__xludf.DUMMYFUNCTION("""COMPUTED_VALUE"""),0.0) -> 0 | U58: =IFERROR(__xludf.DUMMYFUNCTION("""COMPUTED_VALUE"""),0.0) -> 0 | V58: =IFERROR(__xludf.DUMMYFUNCTION("""COMPUTED_VALUE"""),0.0) -> 0 | W58: =IFERROR(__xludf.DUMMYFUNCTION("""COMPUTED_VALUE"""),0.0) -> 0 | X58: =IFERROR(__xludf.DUMMYFUNCTION("""COMPUTED_VALUE"""),0.0) -> 0 | Y58: =IFERROR(__xludf.DUMMYFUNCTION("""COMPUTED_VALUE"""),0.0) -> 0 | Z58: =IFERROR(__xludf.DUMMYFUNCTION("""COMPUTED_VALUE"""),0.0) -> 0 | AA58: =IFERROR(__xludf.DUMMYFUNCTION("""COMPUTED_VALUE"""),0.0) -> 0 | AB58: =IFERROR(__xludf.DUMMYFUNCTION("""COMPUTED_VALUE"""),0.0) -> 0 | AC58: =IFERROR(__xludf.DUMMYFUNCTION("""COMPUTED_VALUE"""),14.1127777777777) -> 14.112778 | AD58: =IFERROR(__xludf.DUMMYFUNCTION("""COMPUTED_VALUE"""),0.829444444444444) -> 0.82944444 | AE58: =IFERROR(__xludf.DUMMYFUNCTION("""COMPUTED_VALUE"""),14.1127777777777) -> 14.112778 | AF58: =IFERROR(__xludf.DUMMYFUNCTION("""COMPUTED_VALUE"""),0.0) -> 0
A59: =IFERROR(__xludf.DUMMYFUNCTION("""COMPUTED_VALUE"""),46139.0) -> 46139 | B59: =IFERROR(__xludf.DUMMYFUNCTION("""COMPUTED_VALUE"""),"2f705add1a4571e3dcc4eb1426edfaa372c9cee8") -> 2f705add1a4571e3dcc4eb1426edfaa372c9cee8 | C59: =IFERROR(__xludf.DUMMYFUNCTION("""COMPUTED_VALUE"""),"Beggar Husband - Production Show_id") -> Beggar Husband - Production Show_id | D59: =IFERROR(__xludf.DUMMYFUNCTION("""COMPUTED_VALUE"""),0.0) -> 0 | E59: =IFERROR(__xludf.DUMMYFUNCTION("""COMPUTED_VALUE"""),0.0) -> 0 | F59: =IFERROR(__xludf.DUMMYFUNCTION("""COMPUTED_VALUE"""),0.0) -> 0 | G59: =IFERROR(__xludf.DUMMYFUNCTION("""COMPUTED_VALUE"""),1.0) -> 1 | H59: =IFERROR(__xludf.DUMMYFUNCTION("""COMPUTED_VALUE"""),1.0) -> 1 | I59: =IFERROR(__xludf.DUMMYFUNCTION("""COMPUTED_VALUE"""),0.0) -> 0 | J59: =IFERROR(__xludf.DUMMYFUNCTION("""COMPUTED_VALUE"""),1.0) -> 1 | K59: =IFERROR(__xludf.DUMMYFUNCTION("""COMPUTED_VALUE"""),0.0) -> 0 | L59: =IFERROR(__xludf.DUMMYFUNCTION("""COMPUTED_VALUE"""),0.0) -> 0 | M59: =IFERROR(__xludf.DUMMYFUNCTION("""COMPUTED_VALUE"""),2.0) -> 2 | N59: =IFERROR(__xludf.DUMMYFUNCTION("""COMPUTED_VALUE"""),4.0) -> 4 | O59: =IFERROR(__xludf.DUMMYFUNCTION("""COMPUTED_VALUE"""),1.0) -> 1 | P59: =IFERROR(__xludf.DUMMYFUNCTION("""COMPUTED_VALUE"""),4.0) -> 4 | Q59: =IFERROR(__xludf.DUMMYFUNCTION("""COMPUTED_VALUE"""),0.0) -> 0 | R59: =IFERROR(__xludf.DUMMYFUNCTION("""COMPUTED_VALUE"""),0.0) -> 0 | S59: =IFERROR(__xludf.DUMMYFUNCTION("""COMPUTED_VALUE"""),0.0) -> 0 | T59: =IFERROR(__xludf.DUMMYFUNCTION("""COMPUTED_VALUE"""),0.0) -> 0 | U59: =IFERROR(__xludf.DUMMYFUNCTION("""COMPUTED_VALUE"""),0.0) -> 0 | V59: =IFERROR(__xludf.DUMMYFUNCTION("""COMPUTED_VALUE"""),0.224166666666666) -> 0.22416667 | W59: =IFERROR(__xludf.DUMMYFUNCTION("""COMPUTED_VALUE"""),0.224166666666666) -> 0.22416667 | X59: =IFERROR(__xludf.DUMMYFUNCTION("""COMPUTED_VALUE"""),0.0) -> 0 | Y59: =IFERROR(__xludf.DUMMYFUNCTION("""COMPUTED_VALUE"""),0.224166666666666) -> 0.22416667 | Z59: =IFERROR(__xludf.DUMMYFUNCTION("""COMPUTED_VALUE"""),0.0) -> 0 | AA59: =IFERROR(__xludf.DUMMYFUNCTION("""COMPUTED_VALUE"""),0.0) -> 0 | AB59: =IFERROR(__xludf.DUMMYFUNCTION("""COMPUTED_VALUE"""),0.424444444444444) -> 0.42444444 | AC59: =IFERROR(__xludf.DUMMYFUNCTION("""COMPUTED_VALUE"""),0.842222222222222) -> 0.84222222 | AD59: =IFERROR(__xludf.DUMMYFUNCTION("""COMPUTED_VALUE"""),0.231944444444444) -> 0.23194444 | AE59: =IFERROR(__xludf.DUMMYFUNCTION("""COMPUTED_VALUE"""),0.842222222222222) -> 0.84222222 | AF59: =IFERROR(__xludf.DUMMYFUNCTION("""COMPUTED_VALUE"""),0.0) -> 0
A60: =IFERROR(__xludf.DUMMYFUNCTION("""COMPUTED_VALUE"""),46139.0) -> 46139 | B60: =IFERROR(__xludf.DUMMYFUNCTION("""COMPUTED_VALUE"""),"37e68193f879e91ec362f75f4b46511110658e2b") -> 37e68193f879e91ec362f75f4b46511110658e2b | C60: =IFERROR(__xludf.DUMMYFUNCTION("""COMPUTED_VALUE"""),"Shiva : Ek Pretyodha") -> Shiva : Ek Pretyodha | D60: =IFERROR(__xludf.DUMMYFUNCTION("""COMPUTED_VALUE"""),0.0) -> 0 | E60: =IFERROR(__xludf.DUMMYFUNCTION("""COMPUTED_VALUE"""),0.0) -> 0 | F60: =IFERROR(__xludf.DUMMYFUNCTION("""COMPUTED_VALUE"""),0.0) -> 0 | G60: =IFERROR(__xludf.DUMMYFUNCTION("""COMPUTED_VALUE"""),0.0) -> 0 | H60: =IFERROR(__xludf.DUMMYFUNCTION("""COMPUTED_VALUE"""),0.0) -> 0 | I60: =IFERROR(__xludf.DUMMYFUNCTION("""COMPUTED_VALUE"""),0.0) -> 0 | J60: =IFERROR(__xludf.DUMMYFUNCTION("""COMPUTED_VALUE"""),0.0) -> 0 | K60: =IFERROR(__xludf.DUMMYFUNCTION("""COMPUTED_VALUE"""),0.0) -> 0 | ... M60: =IFERROR(__xludf.DUMMYFUNCTION("""COMPUTED_VALUE"""),0.0) -> 0 | N60: =IFERROR(__xludf.DUMMYFUNCTION("""COMPUTED_VALUE"""),5.0) -> 5 | O60: =IFERROR(__xludf.DUMMYFUNCTION("""COMPUTED_VALUE"""),35.0) -> 35 | P60: =IFERROR(__xludf.DUMMYFUNCTION("""COMPUTED_VALUE"""),37.0) -> 37 | Q60: =IFERROR(__xludf.DUMMYFUNCTION("""COMPUTED_VALUE"""),0.0) -> 0 | R60: =IFERROR(__xludf.DUMMYFUNCTION("""COMPUTED_VALUE"""),0.0) -> 0 | S60: =IFERROR(__xludf.DUMMYFUNCTION("""COMPUTED_VALUE"""),0.0) -> 0 | T60: =IFERROR(__xludf.DUMMYFUNCTION("""COMPUTED_VALUE"""),0.0) -> 0 | U60: =IFERROR(__xludf.DUMMYFUNCTION("""COMPUTED_VALUE"""),0.0) -> 0 | V60: =IFERROR(__xludf.DUMMYFUNCTION("""COMPUTED_VALUE"""),0.0) -> 0 | W60: =IFERROR(__xludf.DUMMYFUNCTION("""COMPUTED_VALUE"""),0.0) -> 0 | X60: =IFERROR(__xludf.DUMMYFUNCTION("""COMPUTED_VALUE"""),0.0) -> 0 | ... AC60: =IFERROR(__xludf.DUMMYFUNCTION("""COMPUTED_VALUE"""),0.0) -> 0 | AD60: =IFERROR(__xludf.DUMMYFUNCTION("""COMPUTED_VALUE"""),3.70111111111111) -> 3.7011111 | AE60: =IFERROR(__xludf.DUMMYFUNCTION("""COMPUTED_VALUE"""),3.98) -> 3.98 | AF60: =IFERROR(__xludf.DUMMYFUNCTION("""COMPUTED_VALUE"""),0.0) -> 0
A61: =IFERROR(__xludf.DUMMYFUNCTION("""COMPUTED_VALUE"""),46139.0) -> 46139 | B61: =IFERROR(__xludf.DUMMYFUNCTION("""COMPUTED_VALUE"""),"394d109f7b50d9a46fb591dbaaba2d0aac90a696") -> 394d109f7b50d9a46fb591dbaaba2d0aac90a696 | C61: =IFERROR(__xludf.DUMMYFUNCTION("""COMPUTED_VALUE"""),"Empire of Hidden King (SRGJ) - Production Show_id") -> Empire of Hidden King (SRGJ) - Production Show_id | D61: =IFERROR(__xludf.DUMMYFUNCTION("""COMPUTED_VALUE"""),2.0) -> 2 | E61: =IFERROR(__xludf.DUMMYFUNCTION("""COMPUTED_VALUE"""),3.0) -> 3 | F61: =IFERROR(__xludf.DUMMYFUNCTION("""COMPUTED_VALUE"""),3.0) -> 3 | G61: =IFERROR(__xludf.DUMMYFUNCTION("""COMPUTED_VALUE"""),0.0) -> 0 | H61: =IFERROR(__xludf.DUMMYFUNCTION("""COMPUTED_VALUE"""),1.0) -> 1 | I61: =IFERROR(__xludf.DUMMYFUNCTION("""COMPUTED_VALUE"""),1.0) -> 1 | J61: =IFERROR(__xludf.DUMMYFUNCTION("""COMPUTED_VALUE"""),1.0) -> 1 | K61: =IFERROR(__xludf.DUMMYFUNCTION("""COMPUTED_VALUE"""),0.0) -> 0 | L61: =IFERROR(__xludf.DUMMYFUNCTION("""COMPUTED_VALUE"""),0.0) -> 0 | M61: =IFERROR(__xludf.DUMMYFUNCTION("""COMPUTED_VALUE"""),1.0) -> 1 | N61: =IFERROR(__xludf.DUMMYFUNCTION("""COMPUTED_VALUE"""),6.0) -> 6 | O61: =IFERROR(__xludf.DUMMYFUNCTION("""COMPUTED_VALUE"""),5.0) -> 5 | P61: =IFERROR(__xludf.DUMMYFUNCTION("""COMPUTED_VALUE"""),6.0) -> 6 | Q61: =IFERROR(__xludf.DUMMYFUNCTION("""COMPUTED_VALUE"""),0.0) -> 0 | R61: =IFERROR(__xludf.DUMMYFUNCTION("""COMPUTED_VALUE"""),4819.0) -> 4819 | S61: =IFERROR(__xludf.DUMMYFUNCTION("""COMPUTED_VALUE"""),6986.0) -> 6986 | T61: =IFERROR(__xludf.DUMMYFUNCTION("""COMPUTED_VALUE"""),0.901388888888889) -> 0.90138889 | U61: =IFERROR(__xludf.DUMMYFUNCTION("""COMPUTED_VALUE"""),0.683333333333333) -> 0.68333333 | V61: =IFERROR(__xludf.DUMMYFUNCTION("""COMPUTED_VALUE"""),0.0) -> 0 | W61: =IFERROR(__xludf.DUMMYFUNCTION("""COMPUTED_VALUE"""),0.218055555555555) -> 0.21805556 | X61: =IFERROR(__xludf.DUMMYFUNCTION("""COMPUTED_VALUE"""),0.218055555555555) -> 0.21805556 | Y61: =IFERROR(__xludf.DUMMYFUNCTION("""COMPUTED_VALUE"""),0.218611111111111) -> 0.21861111 | Z61: =IFERROR(__xludf.DUMMYFUNCTION("""COMPUTED_VALUE"""),0.0) -> 0 | AA61: =IFERROR(__xludf.DUMMYFUNCTION("""COMPUTED_VALUE"""),0.0) -> 0 | AB61: =IFERROR(__xludf.DUMMYFUNCTION("""COMPUTED_VALUE"""),0.218611111111111) -> 0.21861111 | AC61: =IFERROR(__xludf.DUMMYFUNCTION("""COMPUTED_VALUE"""),1.36361111111111) -> 1.3636111 | AD61: =IFERROR(__xludf.DUMMYFUNCTION("""COMPUTED_VALUE"""),1.375) -> 1.375 | AE61: =IFERROR(__xludf.DUMMYFUNCTION("""COMPUTED_VALUE"""),1.36361111111111) -> 1.3636111 | AF61: =IFERROR(__xludf.DUMMYFUNCTION("""COMPUTED_VALUE"""),4.0) -> 4
A62: =IFERROR(__xludf.DUMMYFUNCTION("""COMPUTED_VALUE"""),46139.0) -> 46139 | B62: =IFERROR(__xludf.DUMMYFUNCTION("""COMPUTED_VALUE"""),"5066c0736f9e9444f2b4da840d6860b1f7f47d11") -> 5066c0736f9e9444f2b4da840d6860b1f7f47d11 | C62: =IFERROR(__xludf.DUMMYFUNCTION("""COMPUTED_VALUE"""),"The Warrior | Author - Dayaram Prajapati - Replica (For Production Only)") -> The Warrior | Author - Dayaram Prajapati - Replica (For Production Only) | D62: =IFERROR(__xludf.DUMMYFUNCTION("""COMPUTED_VALUE"""),19.0) -> 19 | E62: =IFERROR(__xludf.DUMMYFUNCTION("""COMPUTED_VALUE"""),12.0) -> 12 | F62: =IFERROR(__xludf.DUMMYFUNCTION("""COMPUTED_VALUE"""),16.0) -> 16 | G62: =IFERROR(__xludf.DUMMYFUNCTION("""COMPUTED_VALUE"""),16.0) -> 16 | H62: =IFERROR(__xludf.DUMMYFUNCTION("""COMPUTED_VALUE"""),18.0) -> 18 | I62: =IFERROR(__xludf.DUMMYFUNCTION("""COMPUTED_VALUE"""),2.0) -> 2 | J62: =IFERROR(__xludf.DUMMYFUNCTION("""COMPUTED_VALUE"""),18.0) -> 18 | K62: =IFERROR(__xludf.DUMMYFUNCTION("""COMPUTED_VALUE"""),2.0) -> 2 | L62: =IFERROR(__xludf.DUMMYFUNCTION("""COMPUTED_VALUE"""),2.0) -> 2 | M62: =IFERROR(__xludf.DUMMYFUNCTION("""COMPUTED_VALUE"""),15.0) -> 15 | N62: =IFERROR(__xludf.DUMMYFUNCTION("""COMPUTED_VALUE"""),15.0) -> 15 | O62: =IFERROR(__xludf.DUMMYFUNCTION("""COMPUTED_VALUE"""),7.0) -> 7 | P62: =IFERROR(__xludf.DUMMYFUNCTION("""COMPUTED_VALUE"""),15.0) -> 15 | Q62: =IFERROR(__xludf.DUMMYFUNCTION("""COMPUTED_VALUE"""),0.0) -> 0 | R62: =IFERROR(__xludf.DUMMYFUNCTION("""COMPUTED_VALUE"""),46062.0) -> 46062 | S62: =IFERROR(__xludf.DUMMYFUNCTION("""COMPUTED_VALUE"""),36646.0) -> 36646 | T62: =IFERROR(__xludf.DUMMYFUNCTION("""COMPUTED_VALUE"""),5.54138888888888) -> 5.5413889 | U62: =IFERROR(__xludf.DUMMYFUNCTION("""COMPUTED_VALUE"""),5.25888888888888) -> 5.2588889 | V62: =IFERROR(__xludf.DUMMYFUNCTION("""COMPUTED_VALUE"""),5.28305555555555) -> 5.2830556 | W62: =IFERROR(__xludf.DUMMYFUNCTION("""COMPUTED_VALUE"""),5.85777777777777) -> 5.8577778 | X62: =IFERROR(__xludf.DUMMYFUNCTION("""COMPUTED_VALUE"""),0.574722222222222) -> 0.57472222 | Y62: =IFERROR(__xludf.DUMMYFUNCTION("""COMPUTED_VALUE"""),5.85888888888888) -> 5.8588889 | Z62: =IFERROR(__xludf.DUMMYFUNCTION("""COMPUTED_VALUE"""),0.654722222222222) -> 0.65472222 | AA62: =IFERROR(__xludf.DUMMYFUNCTION("""COMPUTED_VALUE"""),0.656111111111111) -> 0.65611111 | AB62: =IFERROR(__xludf.DUMMYFUNCTION("""COMPUTED_VALUE"""),4.83) -> 4.83 | AC62: =IFERROR(__xludf.DUMMYFUNCTION("""COMPUTED_VALUE"""),4.83) -> 4.83 | AD62: =IFERROR(__xludf.DUMMYFUNCTION("""COMPUTED_VALUE"""),1.62527777777777) -> 1.6252778 | AE62: =IFERROR(__xludf.DUMMYFUNCTION("""COMPUTED_VALUE"""),4.83) -> 4.83 | AF62: =IFERROR(__xludf.DUMMYFUNCTION("""COMPUTED_VALUE"""),17.0) -> 17
A63: =IFERROR(__xludf.DUMMYFUNCTION("""COMPUTED_VALUE"""),46139.0) -> 46139 | B63: =IFERROR(__xludf.DUMMYFUNCTION("""COMPUTED_VALUE"""),"5a7d21f6ad9df12be70cd9439dd850c36627991d") -> 5a7d21f6ad9df12be70cd9439dd850c36627991d | C63: =IFERROR(__xludf.DUMMYFUNCTION("""COMPUTED_VALUE"""),"Ek Stranger Se Pyar- Production Id") -> Ek Stranger Se Pyar- Production Id | D63: =IFERROR(__xludf.DUMMYFUNCTION("""COMPUTED_VALUE"""),0.0) -> 0 | E63: =IFERROR(__xludf.DUMMYFUNCTION("""COMPUTED_VALUE"""),19.0) -> 19 | F63: =IFERROR(__xludf.DUMMYFUNCTION("""COMPUTED_VALUE"""),14.0) -> 14 | G63: =IFERROR(__xludf.DUMMYFUNCTION("""COMPUTED_VALUE"""),11.0) -> 11 | H63: =IFERROR(__xludf.DUMMYFUNCTION("""COMPUTED_VALUE"""),15.0) -> 15 | I63: =IFERROR(__xludf.DUMMYFUNCTION("""COMPUTED_VALUE"""),4.0) -> 4 | J63: =IFERROR(__xludf.DUMMYFUNCTION("""COMPUTED_VALUE"""),15.0) -> 15 | K63: =IFERROR(__xludf.DUMMYFUNCTION("""COMPUTED_VALUE"""),15.0) -> 15 | L63: =IFERROR(__xludf.DUMMYFUNCTION("""COMPUTED_VALUE"""),4.0) -> 4 | M63: =IFERROR(__xludf.DUMMYFUNCTION("""COMPUTED_VALUE"""),16.0) -> 16 | N63: =IFERROR(__xludf.DUMMYFUNCTION("""COMPUTED_VALUE"""),22.0) -> 22 | O63: =IFERROR(__xludf.DUMMYFUNCTION("""COMPUTED_VALUE"""),5.0) -> 5 | P63: =IFERROR(__xludf.DUMMYFUNCTION("""COMPUTED_VALUE"""),22.0) -> 22 | Q63: =IFERROR(__xludf.DUMMYFUNCTION("""COMPUTED_VALUE"""),0.0) -> 0 | R63: =IFERROR(__xludf.DUMMYFUNCTION("""COMPUTED_VALUE"""),0.0) -> 0 | S63: =IFERROR(__xludf.DUMMYFUNCTION("""COMPUTED_VALUE"""),46590.0) -> 46590 | T63: =IFERROR(__xludf.DUMMYFUNCTION("""COMPUTED_VALUE"""),3.76138888888888) -> 3.7613889 | U63: =IFERROR(__xludf.DUMMYFUNCTION("""COMPUTED_VALUE"""),3.18638888888888) -> 3.1863889 | V63: =IFERROR(__xludf.DUMMYFUNCTION("""COMPUTED_VALUE"""),2.62888888888888) -> 2.6288889 | W63: =IFERROR(__xludf.DUMMYFUNCTION("""COMPUTED_VALUE"""),3.46083333333333) -> 3.4608333 | X63: =IFERROR(__xludf.DUMMYFUNCTION("""COMPUTED_VALUE"""),0.831944444444444) -> 0.83194444 | Y63: =IFERROR(__xludf.DUMMYFUNCTION("""COMPUTED_VALUE"""),3.49444444444444) -> 3.4944444 | Z63: =IFERROR(__xludf.DUMMYFUNCTION("""COMPUTED_VALUE"""),3.53277777777777) -> 3.5327778 | AA63: =IFERROR(__xludf.DUMMYFUNCTION("""COMPUTED_VALUE"""),0.96) -> 0.96 | AB63: =IFERROR(__xludf.DUMMYFUNCTION("""COMPUTED_VALUE"""),3.735) -> 3.735 | AC63: =IFERROR(__xludf.DUMMYFUNCTION("""COMPUTED_VALUE"""),5.15416666666666) -> 5.1541667 | AD63: =IFERROR(__xludf.DUMMYFUNCTION("""COMPUTED_VALUE"""),1.17361111111111) -> 1.1736111 | AE63: =IFERROR(__xludf.DUMMYFUNCTION("""COMPUTED_VALUE"""),5.15416666666666) -> 5.1541667 | AF63: =IFERROR(__xludf.DUMMYFUNCTION("""COMPUTED_VALUE"""),17.0) -> 17
A64: =IFERROR(__xludf.DUMMYFUNCTION("""COMPUTED_VALUE"""),46139.0) -> 46139 | B64: =IFERROR(__xludf.DUMMYFUNCTION("""COMPUTED_VALUE"""),"5baf4c80faf4b2d4eb9401a1d0081872e0158e89") -> 5baf4c80faf4b2d4eb9401a1d0081872e0158e89 | C64: =IFERROR(__xludf.DUMMYFUNCTION("""COMPUTED_VALUE"""),"Brahmyodha : The Destroyer - Production showId") -> Brahmyodha : The Destroyer - Production showId | D64: =IFERROR(__xludf.DUMMYFUNCTION("""COMPUTED_VALUE"""),13.0) -> 13 | E64: =IFERROR(__xludf.DUMMYFUNCTION("""COMPUTED_VALUE"""),16.0) -> 16 | F64: =IFERROR(__xludf.DUMMYFUNCTION("""COMPUTED_VALUE"""),9.0) -> 9 | G64: =IFERROR(__xludf.DUMMYFUNCTION("""COMPUTED_VALUE"""),0.0) -> 0 | H64: =IFERROR(__xludf.DUMMYFUNCTION("""COMPUTED_VALUE"""),17.0) -> 17 | I64: =IFERROR(__xludf.DUMMYFUNCTION("""COMPUTED_VALUE"""),7.0) -> 7 | J64: =IFERROR(__xludf.DUMMYFUNCTION("""COMPUTED_VALUE"""),16.0) -> 16 | K64: =IFERROR(__xludf.DUMMYFUNCTION("""COMPUTED_VALUE"""),1.0) -> 1 | L64: =IFERROR(__xludf.DUMMYFUNCTION("""COMPUTED_VALUE"""),0.0) -> 0 | M64: =IFERROR(__xludf.DUMMYFUNCTION("""COMPUTED_VALUE"""),19.0) -> 19 | N64: =IFERROR(__xludf.DUMMYFUNCTION("""COMPUTED_VALUE"""),19.0) -> 19 | O64: =IFERROR(__xludf.DUMMYFUNCTION("""COMPUTED_VALUE"""),6.0) -> 6 | P64: =IFERROR(__xludf.DUMMYFUNCTION("""COMPUTED_VALUE"""),19.0) -> 19 | Q64: =IFERROR(__xludf.DUMMYFUNCTION("""COMPUTED_VALUE"""),0.0) -> 0 | R64: =IFERROR(__xludf.DUMMYFUNCTION("""COMPUTED_VALUE"""),28426.0) -> 28426 | S64: =IFERROR(__xludf.DUMMYFUNCTION("""COMPUTED_VALUE"""),38503.0) -> 38503 | T64: =IFERROR(__xludf.DUMMYFUNCTION("""COMPUTED_VALUE"""),4.86166666666666) -> 4.8616667 | U64: =IFERROR(__xludf.DUMMYFUNCTION("""COMPUTED_VALUE"""),2.00027777777777) -> 2.0002778 | V64: =IFERROR(__xludf.DUMMYFUNCTION("""COMPUTED_VALUE"""),0.0) -> 0 | W64: =IFERROR(__xludf.DUMMYFUNCTION("""COMPUTED_VALUE"""),3.75472222222222) -> 3.7547222 | X64: =IFERROR(__xludf.DUMMYFUNCTION("""COMPUTED_VALUE"""),1.53166666666666) -> 1.5316667 | Y64: =IFERROR(__xludf.DUMMYFUNCTION("""COMPUTED_VALUE"""),3.52916666666666) -> 3.5291667 | Z64: =IFERROR(__xludf.DUMMYFUNCTION("""COMPUTED_VALUE"""),0.217222222222222) -> 0.21722222 | AA64: =IFERROR(__xludf.DUMMYFUNCTION("""COMPUTED_VALUE"""),0.0) -> 0 | AB64: =IFERROR(__xludf.DUMMYFUNCTION("""COMPUTED_VALUE"""),4.18888888888888) -> 4.1888889 | AC64: =IFERROR(__xludf.DUMMYFUNCTION("""COMPUTED_VALUE"""),4.18888888888888) -> 4.1888889 | AD64: =IFERROR(__xludf.DUMMYFUNCTION("""COMPUTED_VALUE"""),1.26888888888888) -> 1.2688889 | AE64: =IFERROR(__xludf.DUMMYFUNCTION("""COMPUTED_VALUE"""),4.18888888888888) -> 4.1888889 | AF64: =IFERROR(__xludf.DUMMYFUNCTION("""COMPUTED_VALUE"""),22.0) -> 22
